Workbook
Name Diagramm_dT: Diagrammdaten!$C$5
Name Diagramm_Tmin: Diagrammdaten!$C$4
Name eta: Übersicht!$F$67
Name eta_V1: Übersicht!$F$65
Name eta_V2: Übersicht!$F$66
Name grad_V1: Übersicht!$F$55
Name Kopf_grenz: 'Kaverne & Gassäule'!$D$19
Name Kopf_leer: 'Kaverne & Gassäule'!$D$20
Name Kopf_voll: 'Kaverne & Gassäule'!$D$18
Name MV_Kopf_CH4: Medienvergleich!$E$11
Name MV_Kopf_CO2: Medienvergleich!$C$11
Name MV_Kopf_H2: Medienvergleich!$F$11
Name p_blase_TK: 'Gemisch & Grenzen'!$H$15
Name p_cricondenbar: 'Gemisch & Grenzen'!$H$11
Name p_grenz: 'Kaverne & Gassäule'!$C$19
Name p_lith_V1: Übersicht!$F$73
Name p_S1: Übersicht!$F$43
Name p_S2: Übersicht!$F$46
Name p_tau_TK: 'Gemisch & Grenzen'!$H$16
Name p_uek: Übersicht!$F$50
Name p_zw: Übersicht!$F$51
Name pmax_V1: Übersicht!$F$56
Name pmin_V1: Übersicht!$F$57
Name rho_min: Übersicht!$F$69
Name rho_n: 'Einspeicherung S1'!$E$19
Name rhoSalz_V1: Übersicht!$F$58
Name Stand_ok: Übersicht!$Q$39
Name Szen1_eta: 'Einspeicherung S1'!$E$14
Name Szen1_h1: 'Einspeicherung S1'!$E$10
Name Szen1_h2: 'Einspeicherung S1'!$E$15
Name Szen1_h2s: 'Einspeicherung S1'!$E$13
Name Szen1_mmax: 'Einspeicherung S1'!$E$21
Name Szen1_mmin: 'Einspeicherung S1'!$E$20
Name Szen1_p1: 'Einspeicherung S1'!$E$8
Name Szen1_p2: 'Einspeicherung S1'!$E$12
Name Szen1_Pmax: 'Einspeicherung S1'!$E$23
Name Szen1_Pmin: 'Einspeicherung S1'!$E$22
Name Szen1_s1: 'Einspeicherung S1'!$E$11
Name Szen1_T1: 'Einspeicherung S1'!$E$9
Name Szen1_T2: 'Einspeicherung S1'!$E$16
Name Szen1_w: 'Einspeicherung S1'!$E$18
Name T_Kav_V1: Übersicht!$F$72
Name T_maxV: Übersicht!$F$49
Name T_S1: Übersicht!$F$44
Name T_S2: Übersicht!$F$47
Name Tober_V1: Übersicht!$F$54
Name U_PG: 'Gemisch & Grenzen'!$H$14
Name V_max: Übersicht!$F$64
Name V_min: Übersicht!$F$63
Name Z_min: Übersicht!$F$68
Name z_V1: Übersicht!$F$53
Name Zoom_Tmin: Diagrammdaten!$C$6
Name Zoom2_Tmin: Diagrammdaten!$F$6
Name T_ZK: Übersicht!$F$48
Name T_KW: Übersicht!$F$60
Name T_K: Übersicht!$F$61
Name Kopf_betr_S1: 'Kaverne & Gassäule'!$D$91
Name Kopf_betr_S2: 'Kaverne & Gassäule'!$D$93
Name Szen2_h1: 'Einspeicherung S2'!$E$11
Name Szen2_h1s: 'Einspeicherung S2'!$E$14

Sheet Übersicht
B1: CO₂-Zwischenspeicherung in Salzkavernen – Obertageanlage · Worst-Case-Gemisch
B2: Rechenübersicht Einspeicherung · Masterarbeit Sarah Maxara · TH Köln / Uniper Energy Storage
B3: Stand: 15.10.2026 (nach der Besprechung mit K. Vosbeck) · Stoffdaten: CoolProp 8.0.0, Mehrfluid-Helmholtz-Modell (GERG-2008-Mischungsregel, Reinstoffe u. a. Span & Wagner 1996) · Worst-Case-Gemisch 95 % CO₂, 2,4 % N₂, 1 % Ar, 1 % CH₄, 0,5 % H₂, 0,1 % CO (mol-%)
B5: Worum geht es? | J5: Farblegende der Zellen
B6: Diese Mappe zeigt Schritt für Schritt, wie die Obertageanlage für die Einspeicherung berechnet wird: 1. Welcher Druck muss am Bohrlochkopf anliegen? → das gibt die Kaverne über die Gassäule vor. 2. Wie bringt die Anlage das CO₂ auf diesen Druck? → Pumpe (dichte Anlieferung, S1) bzw. zwei Verdichterstufen, Kühler und Pumpe (gasförmige Anlieferung, S2). 3. Wo liegen alle Zustände im Phasendiagramm – und wo liegt das Betriebsfenster von Bohrloch und Kaverne? Diese Mappe rechnet das Worst-Case-Gemisch mit 5 % Begleitstoffen – gleicher Aufbau wie die Mappe für reines CO₂. Was sich an den Grenzen ändert und warum: Blatt „Gemisch & Grenzen“. | J6: 91 | K6: Annahme – darf geändert werden
J7: 246.6 | K7: Stoffwert aus CoolProp – fest
J8: 100 | K8: Excel-Formel – rechnet sofort mit
J9: 114.9 | K9: wichtiges Ergebnis
J10: rot | K10: Stoffwert passt nicht mehr zu den Annahmen
B12: Inhalt
B13: → Kaverne & Gassäule | E13: Welchen Kopfdruck gibt die Kaverne vor? Stillstand für drei Füllstände (wie Q-028, Fig. 3) und – neu – im Betrieb: strömende Säule beim Einspeisen (Zieldruck der Pumpe).
B14: → Medienvergleich | E14: Warum braucht CO₂ oben weniger Druck als Erdgas oder Wasserstoff? Mit reinem CO₂ zum Vergleich.
B15: → Einspeicherung S1 | E15: Anlieferung dicht: Pumpe – jeder Rechenschritt einzeln. Mit Phasendiagramm der Schritte.
B16: → Einspeicherung S2 | E16: Anlieferung gasförmig: 2 Verdichterstufen (Zwischenkühler 40 °C), Kühler bei 91 bar auf 26 °C, Pumpe – mit Begründung des Wegs.
B17: → Phasendiagramm | E17: Diagramm 1: Prozesspfade bis zum Bohrlochkopf. Diagramm 2: Betriebsfenster von Bohrloch und Kaverne (nur Stillstand).
B18: → Quellen | E18: Herkunft aller Annahmen und Stoffdaten.
B19: → Diagrammdaten | E19: Hilfstabellen für die Diagramme (nicht ändern).
B20: → Gemisch & Grenzen | E20: Was die Begleitstoffe ändern: Zweiphasengebiet, Unsicherheit ±3 bar, neue Grenzen der Anlage. Mit Phasendiagrammen rein vs. Gemisch.
B21: Prozesskette Einspeicherung – Szenarien
B35: Neu (15.10.2026): | D35: → Annahmen & Begründung | G35: → Kühlung | I35: → Massenströme
B36: Annahmen mit Quelle und Fundstelle (Seite, Folie, Tabelle) · warum Zwischenkühler 40 °C und Kühler vor der Pumpe 26 °C · ein Massenstrom, viele Volumenströme
B37: Szenarien & Annahmen
B38: Blaue Werte dürfen geändert werden. Weiße Formelwerte rechnen sofort mit. Graue Stoffwerte (CoolProp) kann Excel nicht selbst berechnen – ändert sich eine Annahme, zeigt der Status, welche Werte neu berechnet werden müssen.
B39: Status | E39: =IF(Stand_ok,"✔ Alle grauen Stoffwerte passen zu den Annahmen.","⚠ Mindestens eine Annahme wurde geändert – rot markierte Stoffwerte sind veraltet und müssen neu berechnet werden.") | Q39: =COUNTIF($N$42:$N$69,"⚠*")=0
B41: Größe | E41: Symbol | F41: Wert | G41: Einheit | H41: Quelle / Begründung | M41: gerechnet mit | N41: Status
B42: Anlieferszenario S1 – dichte Phase (Pipeline OGE)
B43: Übergabedruck | E43: p_S1 | F43: 91 | G43: bar | H43: OGE-Notizen 16.09.2026, Pkt. 6: mind. 91 bar (vorher 85 bar), Worst Case mit Begleitstoffen | M43: 91 | N43: =IF(ABS(F43-M43)<0.000000001,"✔ passt","⚠ geändert – neu rechnen")
B44: Übergabetemperatur | E44: T_S1 | F44: 15 | G44: °C | H44: Annahme: Medientemperatur der Fernleitung (nicht Gebirgstemperatur) | M44: 15 | N44: =IF(ABS(F44-M44)<0.000000001,"✔ passt","⚠ geändert – neu rechnen")
B45: Anlieferszenario S2 – gasförmig
B46: Übergabedruck | E46: p_S2 | F46: 30 | G46: bar | H46: Annahme aus Vorarbeit; alte Tabelle nennt Q-040 (ISO 27913) – dort noch nicht ausgewertet, zu prüfen | M46: 30 | N46: =IF(ABS(F46-M46)<0.000000001,"✔ passt","⚠ geändert – neu rechnen")
B47: Übergabetemperatur | E47: T_S2 | F47: 15 | G47: °C | H47: Annahme: Medientemperatur | M47: 15 | N47: =IF(ABS(F47-M47)<0.000000001,"✔ passt","⚠ geändert – neu rechnen")
B48: CO₂-Temperatur nach dem Zwischenkühler (S2) | E48: T_ZK | F48: 40 | G48: °C | H48: Q-017 S. 37 (Tab. 3): Soll-Kühltemperatur CO₂ 40 °C; Q-063 Kap. 5.1: CO₂ „no more than about 40 °C“, Kühlung zwischen den Stufen – Begründung: Blatt „Kühlung“ | M48: 40 | N48: =IF(ABS(F48-M48)<0.000000001,"✔ passt","⚠ geändert – neu rechnen")
B49: Max. Austrittstemperatur je Verdichterstufe | E49: T_max | F49: 95 | G49: °C | H49: Q-016 S. 4 (Kap. 2.3, dort Lit. [24]): höchstens 95 °C nach jeder Stufe → legt die Zahl der Stufen fest | M49: 95 | N49: =IF(ABS(F49-M49)<0.000000001,"✔ passt","⚠ geändert – neu rechnen")
B50: Druck nach Verdichtung = Kühldruck (S2) | E50: p_ük | F50: 91 | G50: bar | H50: über der Cricondenbar (82,2 bar) + 8,8 bar ≥ 3 bar Unsicherheit → Kühler ohne Phasenwechsel; = Übergabedruck S1 (gleicher Pumpeneintritt) | M50: 91 | N50: =IF(ABS(F50-M50)<0.000000001,"✔ passt","⚠ geändert – neu rechnen")
B51: Zwischendruck (S2) | E51: p_zw | F51: 55 | G51: bar | H51: eigene Herleitung (Blatt „Kühlung“): höchster runder Druck mit Z ≥ 0,7 (Q-017 S. 44) am Eintritt Stufe 2 bei 40 °C für rein und Gemisch; beide Stufen < 95 °C | M51: 55 | N51: =IF(ABS(F51-M51)<0.000000001,"✔ passt","⚠ geändert – neu rechnen")
B52: Kaverne V1 – tief (Referenzkaverne; flache Kaverne entfällt)
B53: Teufe (LCCS) | E53: z | F53: 1200 | G53: m | H53: Q-030 Tab. 1, Option 2; abgestimmt mit M. Wall (Uniper). Flache Kaverne entfällt: Q-030 S. 17 (DBI: fast sofort Flüssigphase in Kaverne bzw. am Kopf), Besprechung K. Vosbeck 15.10.2026 | M53: 1200 | N53: =IF(ABS(F53-M53)<0.000000001,"✔ passt","⚠ geändert – neu rechnen")
B54: Gebirgstemperatur an der Oberfläche | E54: T₀ | F54: 10 | G54: °C | H54: Q-028 Kap. 3 (S. 5), Fig. 3: 10 °C an der Oberfläche | M54: 10 | N54: =IF(ABS(F54-M54)<0.000000001,"✔ passt","⚠ geändert – neu rechnen")
B55: Geothermischer Gradient | E55: grad T | F55: 0.03 | G55: K/m | H55: Q-028 Kap. 3 (S. 5), Fig. 3: 0,03 K/m | M55: 0.03 | N55: =IF(ABS(F55-M55)<0.000000001,"✔ passt","⚠ geändert – neu rechnen")
B56: Maximaldruck an der LCCS | E56: p_max | F56: 210 | G56: bar | H56: Zwischenwert aus Q-028 Tab. 1 (200 bar) und Q-030 Tab. 1, Opt. 2 (240 bar); Vorgabe M. Wall | M56: 210 | N56: =IF(ABS(F56-M56)<0.000000001,"✔ passt","⚠ geändert – neu rechnen")
B57: Minimaldruck an der LCCS | E57: p_min | F57: 70 | G57: bar | H57: Q-028 Tab. 1: geomechanisches Minimum | M57: 70 | N57: =IF(ABS(F57-M57)<0.000000001,"✔ passt","⚠ geändert – neu rechnen")
B58: Dichte Salzgestein | E58: ρ_Salz | F58: 2200 | G58: kg/m³ | H58: Q-028; nur für den lithostatischen Druck (Formel unten) | M58: 2200 | N58: =IF(ABS(F58-M58)<0.000000001,"✔ passt","⚠ geändert – neu rechnen")
B59: Kühler vor der Pumpe (S2, 91 bar)
B60: Kühlwassertemperatur (Auslegung) | E60: T_KW | F60: 20 | G60: °C | H60: eigene Annahme – Standortwert, mit Hersteller/Standort zu bestätigen; 15 / 25 °C: Blatt „Kühlung“ | M60: 20 | N60: =IF(ABS(F60-M60)<0.000000001,"✔ passt","⚠ geändert – neu rechnen")
B61: CO₂-Temperatur nach dem Kühler vor der Pumpe (S2) | E61: T_K | F61: =T_KW+6 | G61: °C | H61: T_K = T_KW + 6 K: CO₂ selten kälter als Kühlmittel + 6 K (Q-120 Folie 24); für Pumpen 27–32 °C oder kälter (Q-120 Folie 32) → Pumpeneintritt 660 kg/m³ – Blatt „Kühlung“ | M61: 26 | N61: =IF(ABS(F61-M61)<0.000000001,"✔ passt","⚠ geändert – neu rechnen")
B62: Betrieb & Maschinen
B63: Normvolumenstrom, unterer Fall | E63: V_n,min | F63: 50000 | G63: Nm³/h | H63: abgestimmt mit Martina Wall (Uniper) | M63: – | N63: rechnet live mit
B64: Normvolumenstrom, oberer Fall | E64: V_n,max | F64: 100000 | G64: Nm³/h | H64: abgestimmt mit Martina Wall (Uniper) | M64: – | N64: rechnet live mit
B65: Isentroper Wirkungsgrad Verdichter 1. Stufe (S2) | E65: η_V1 | F65: 0.84 | G65: – | H65: Q-016 S. 4 (Kap. 2.3): 84 % in der ersten Stufe | M65: 0.84 | N65: =IF(ABS(F65-M65)<0.000000001,"✔ passt","⚠ geändert – neu rechnen")
B66: Isentroper Wirkungsgrad Verdichter 2. Stufe (S2) | E66: η_V2 | F66: 0.82 | G66: – | H66: Q-016 S. 4 (Kap. 2.3): je weitere Stufe 2 % weniger → 82 % | M66: 0.82 | N66: =IF(ABS(F66-M66)<0.000000001,"✔ passt","⚠ geändert – neu rechnen")
B67: Isentroper Wirkungsgrad Pumpe (S1 und S2) | E67: η_P | F67: 0.8 | G67: – | H67: eigene Annahme – Lücke: Q-016 S. 4 nennt nur eine Glykolpumpe (70 %); Herstellerwert einholen (Messe Hamburg 20.–22.10.2026) | M67: 0.8 | N67: =IF(ABS(F67-M67)<0.000000001,"✔ passt","⚠ geändert – neu rechnen")
B68: Realgasfaktor am Verdichtereintritt mindestens (nur Verdichter, nicht Pumpe) | E68: Z_min | F68: 0.65 | G68: – | H68: Siemens Energy (E-Mail 08/2026): Grenze der Laufradberechnung > 0,65; strenger Q-017 S. 37 (Tab. 3) / S. 44: Hersteller nennen 0,7 – mit 55 bar / 40 °C eingehalten (Gemisch 0,741, rein 0,715) | M68: – | N68: rechnet live mit
B69: Dichte am Pumpeneintritt mindestens | E69: ρ_min | F69: 500 | G69: kg/m³ | H69: Q-121 S. 2: Einsatzgrenze CO₂-Pumpen 400–500 kg/m³; Q-001 Kap. 5.2: Pumpen ab ca. 500 kg/m³ | M69: – | N69: rechnet live mit
B71: Abgeleitete Größen Kaverne V1 (Excel-Formeln, rechnen mit)
B72: Kavernentemperatur (Gebirge, Stillstand) | E72: T_Kav | F72: =Tober_V1+grad_V1*z_V1 | G72: °C | H72: T_Kav = T₀ + grad T · z
B73: Lithostatischer Gebirgsdruck | E73: p_lith | F73: =rhoSalz_V1*9.81*z_V1/100000 | G73: bar | H73: p_lith = ρ_Salz · g · z
B74: p_max im Verhältnis zu p_lith | E74: p_max/p_lith | F74: =pmax_V1/p_lith_V1 | G74: – | H74: eigene Auslegung ca. 80 % von p_lith (alte Annahmentabelle nennt Q-038 mit 85 % – dort nicht belegt, zu prüfen)
B76: Kernergebnisse auf einen Blick
B77: Bohrlochkopfdruck im Stillstand (Kaverne voll, 210 bar unten) | F77: =Kopf_voll | G77: bar | H77: ruhende Säule mit Gebirgstemperatur – Blatt „Kaverne & Gassäule“; die Pumpe wird auf den Betrieb ausgelegt (Zeilen 88–89)
B78: Bohrlochkopfdruck bei leerer Kaverne (70 bar unten) | F78: =Kopf_leer | G78: bar | H78: Gemisch: oberes Bohrloch 0–82 m zweiphasig (rein: 45,0 bar, 0–236 m)
B79: Säulengewinn bei voller Kaverne | F79: =pmax_V1-Kopf_voll | G79: bar | H79: diesen Druck liefert das Gewicht der CO₂-Säule „gratis“
B80: S1: spezifische Pumpenarbeit (Betrieb) | F80: =Szen1_w | G80: kJ/kg | H80: Blatt „Einspeicherung S1“
B81: S1: Pumpenleistung bei V_n,max | F81: =Szen1_Pmax | G81: kW | H81: bei 100.000 Nm³/h
B82: S2: spezifische Arbeit (2 Stufen, Zwischenkühler 40 °C, Kühler 91 bar / 26 °C, Pumpe) | F82: =Szen2_w_ges | G82: kJ/kg | H82: Blatt „Einspeicherung S2“
B83: S2: Antriebsleistung bei V_n,max | F83: =Szen2_Pmax | G83: kW | H83: bei 100.000 Nm³/h
B84: S2: Dichte am Pumpeneintritt (91 bar / 26 °C) | F84: =Szen2_rhoP | G84: kg/m³ | H84: über der Cricondenbar – einphasig dicht, keine Gasblasen an der Pumpe
B85: Vergleich: Durchverdichten (C), spezifische Arbeit | F85: =Vgl_C_w | G85: kJ/kg | H85: ="Durchverdichten bräuchte "&TEXT(Vgl_C_w/Szen2_w_ges-1,"0%")&" mehr Arbeit, Stufe 2 läge bei 104,2 °C (über 95 °C) – Blatt „Einspeicherung S2“"
B86: Kopfdruck Erdgas (CH₄) bei gleicher Kaverne | F86: =MV_Kopf_CH4 | G86: bar | H86: Blatt „Medienvergleich“
B87: Kopfdruck Wasserstoff (H₂) bei gleicher Kaverne | F87: =MV_Kopf_H2 | G87: bar | H87: Blatt „Medienvergleich“
B88: Zieldruck der Pumpe im Betrieb S1 (100.000 Nm³/h) | F88: =Kopf_betr_S1 | G88: bar | H88: strömende Säule, Kopf 18,3 °C, Reibung 1,7 bar – Blatt „Kaverne & Gassäule“ (Betrieb)
B89: Zieldruck der Pumpe im Betrieb S2 (100.000 Nm³/h) | F89: =Kopf_betr_S2 | G89: bar | H89: Pumpe liefert 34,4 °C → leichtere Säule, Reibung 1,9 bar – Blatt „Kaverne & Gassäule“
B90: S2: höchste Verdichteraustrittstemperatur (Stufe 2) | F90: =Szen2_T2a | G90: °C | H90: Grenze 95 °C (Q-016 S. 4) – Blatt „Einspeicherung S2“

Sheet Gemisch & Grenzen
B1: Gemisch & Grenzen – was die Begleitstoffe am Phasendiagramm ändern
B2: Worst-Case-Gemisch Anlieferung · Stoffdaten CoolProp 8.0.0 (GERG-2008-Mischungsregel) · Vergleich mit der Mappe für reines CO₂ · rechts: Phasendiagramme reines CO₂ und Gemisch nebeneinander, darunter die Erklärung
B3: ← zur Übersicht
B5: Kurz gesagt
B6: Reines CO₂ hat eine Dampfdrucklinie: bei jeder Temperatur genau ein Druck, bei dem es siedet. Das Gemisch hat stattdessen ein Zweiphasengebiet zwischen Taulinie (erster Tropfen) und Blasenlinie (letzte Blase). Die leichtflüchtigen Begleitstoffe (vor allem H₂ und N₂) schieben die Blasenlinie nach oben – für „sicher flüssig“ braucht man mehr Druck. Weil die Phasengrenze eines Gemischs unsicherer ist als die von reinem CO₂, gilt ein Sicherheitsabstand von ±3 bar (Modellvergleich, Dokumentation Kap. 9).
B8: Zusammensetzung (mol-%) | F8: Kennpunkte der Phasengrenze
B9: Komponente | C9: mol-% | D9: Beleg | F9: Kennpunkt | G9: T [°C] | H9: p [bar] | I9: reines CO₂ | J9: Bedeutung
B10: CO₂ | C10: 95 | D10: DIN EN 18397 / ISO 27913 | F10: Kritischer Punkt | G10: 27.954721 | H10: 81.455056 | I10: 31,0 °C / 73,8 bar | J10: Tau- und Blasenlinie treffen sich
B11: N₂ | C11: 2.4 | D11: Porthos-Grenzwert | F11: Cricondenbar | G11: 27.213118 | H11: 82.177594 | I11: = krit. Punkt | J11: darüber bei jeder Temperatur einphasig
B12: Ar | C12: 1 | D12: ca. Oxyfuel-Zusammensetzung | F12: Cricondentherm | G12: 28.093324 | H12: 80.896474 | I12: = krit. Punkt | J12: darüber bei jedem Druck einphasig
B13: CH₄ | C13: 1 | D13: Porthos-Grenzwert
B14: H₂ | C14: 0.5 | D14: DIN EN 18397 / DVGW C 260 | F14: Unsicherheit der Phasengrenze | H14: 3 | I14: bar | J14: Dokumentation Kap. 9: Modellstreuung 1 bar + Modellfehler 1–3 %
B15: CO | C15: 0.1 | D15: DIN EN 18397 (1000 ppm) | F15: Blasendruck bei T_K | G15: 26 | H15: 81.716223 | I15: 65,8 (p_sat) | J15: darüber vollständig flüssig
B16: Σ Begleitstoffe | C16: =SUM(C11:C15) | D16: = Grenze DIN EN 18397 | F16: Taudruck bei T_K | G16: 26 | H16: 74.435087 | I16: 65,8 (p_sat) | J16: darunter vollständig gasförmig
B18: Tau- und Blasendruck über der Temperatur
B19: T [°C] | C19: p_sat reines CO₂ [bar] | D19: Taudruck Gemisch [bar] | E19: Blasendruck Gemisch [bar] | F19: sicher gasförmig unter [bar] | G19: sicher flüssig über [bar]
B20: -50 | C20: 6.8234161 | D20: 7.2245097 | E20: 48.12601 | F20: =D20-U_PG | G20: =E20+U_PG
B21: -40 | C21: 10.044957 | D21: 10.657067 | E21: 46.018104 | F21: =D21-U_PG | G21: =E21+U_PG
B22: -30 | C22: 14.277617 | D22: 15.186693 | E22: 46.414444 | F22: =D22-U_PG | G22: =E22+U_PG
B23: -20 | C23: 19.69628 | D23: 21.019382 | E23: 48.909095 | F23: =D23-U_PG | G23: =E23+U_PG
B24: -10 | C24: 26.486767 | D24: 28.387878 | E24: 53.310212 | F24: =D24-U_PG | G24: =E24+U_PG
B25: 0 | C25: 34.851408 | D25: 37.573277 | E25: 59.51839 | F25: =D25-U_PG | G25: =E25+U_PG
B26: 5 | C26: 39.694653 | D26: 42.961015 | E26: 63.272176 | F26: =D26-U_PG | G26: =E26+U_PG
B27: 10 | C27: 45.021829 | D27: 48.964344 | E27: 67.428739 | F27: =D27-U_PG | G27: =E27+U_PG
B28: 15 | C28: 50.871474 | D28: 55.683743 | E28: 71.932696 | F28: =D28-U_PG | G28: =E28+U_PG
B29: 20 | C29: 57.290526 | D29: 63.370088 | E29: 76.650851 | F29: =D29-U_PG | G29: =E29+U_PG
B30: 25 | C30: 64.342443 | D30: 72.32523 | E30: 81.055196 | F30: =D30-U_PG | G30: =E30+U_PG
B31: 27 | C31: 67.361486 | D31: 76.817923 | E31: 82.152582 | F31: =D31-U_PG | G31: =E31+U_PG | L31: WARUM AUS DER LINIE EIN GEBIET WIRD – kurz erklärt • Reiner Stoff: Siedet eine Flüssigkeit, bleiben Druck und Temperatur fest verbunden (Gibbs'sche Phasenregel F = K − P + 2 = 1 − 2 + 2 = 1). Zu jeder Temperatur gehört genau ein Dampfdruck → Sättigungslinie. Verdampfen und Kondensieren passieren bei einer einzigen Temperatur. • Gemisch aus 6 Stoffen: F = 6 − 2 + 2 = 6 → Gas und Flüssigkeit können über einen Bereich von Druck und Temperatur nebeneinander bestehen. Aus der Linie wird ein Gebiet zwischen Taulinie (erster Tropfen) und Blasenlinie (letzte Blase). • Die Begleitstoffe sind „leicht“: ihre kritischen Temperaturen liegen weit unter 0 °C (H₂ −240 °C, N₂ −147 °C, CO −140 °C, Ar −122 °C, CH₄ −83 °C). Sie wollen gasförmig bleiben und lösen sich in flüssigem CO₂ nur unter höherem Druck → die Blasenlinie steigt: bei 20 °C von 57,3 bar (reines CO₂) auf 76,7 bar. • Die Taulinie liegt ebenfalls höher (63,4 bar bei 20 °C): das CO₂ kondensiert erst, wenn sein eigener Partialdruck (≈ 95 % des Gesamtdrucks) seinen Dampfdruck erreicht → Gesamtdruck ≈ 57,3 / 0,95 ≈ 60 bar (real etwas mehr). • Beim Abkühlen fällt zuerst fast reines CO₂ aus; die Gasphase reichert sich mit N₂ und H₂ an (bei 30 bar / −40 °C: 30 % N₂, 11 % H₂ in der Gasphase). Deshalb Temperaturgleit statt fester Kondensationstemperatur – bei 80 bar von 27,9 auf 23,7 °C. • Kalt öffnet sich das Gebiet weit: in kaltem flüssigem CO₂ lösen sich die leichten Gase kaum, der Blasendruck fällt nie unter 45,9 bar. Ein Gemisch lässt sich bei 30 bar nicht vollständig verflüssigen. • Der kritische Punkt wandert von 31,0 °C / 73,8 bar nach 28,0 °C / 81,5 bar; höchster Druck des Gebiets (Cricondenbar) 82,2 bar, höchste Temperatur (Cricondentherm) 28,1 °C. Darüber gibt es – wie beim reinen CO₂ über dem kritischen Punkt – keine Phasengrenze mehr. • FOLGE: Grenzen, die bei reinem CO₂ an p_krit hängen, hängen beim Gemisch an der Cricondenbar + 3 bar Unsicherheit = 85,2 bar (S1-Übergabe, Pumpeneintritt, einphasiges Bohrloch). Die Tabellen links nennen die Zahlen, Dokumentation_S2_Gemisch.docx die Folgen für die Einspeicherkette.
B32: Unter −56,6 °C bildet sich Trockeneis (nicht im Modell). Oberhalb von 28,1 °C gibt es beim Gemisch kein Zweiphasengebiet mehr.
B34: Neue Grenzen der Einspeicherung – wo sie sich ergeben
B35: Grenze | D35: reines CO₂ | E35: Gemisch | F35: Folge für die Anlage | G35: Blatt
B36: Mindestdruck dichte Anlieferung bei 15 °C | D36: 50,9 bar | E36: 71,9 + 3 bar | F36: S1 mit 91 bar sicher dicht (8,8 bar über der Cricondenbar) | G36: Einspeicherung S1
B37: Druck für den Kühler (S2) | D37: 91 bar (über p_krit 73,8 bar) – gleicher Weg | E37: 91 bar (Cricondenbar 82,2 + 8,8) | F37: überkritisch kühlen: kein Verflüssiger, keine Kondensation | G37: Einspeicherung S2
B38: Verdichtung 30 bar → Enddruck in einer Stufe | D38: 111,8 °C ✘ (bis 91 bar) | E38: 112,7 °C ✘ (bis 91 bar) | F38: zwei Verdichterstufen nötig: 30 → 55 → 91 bar (rein und Gemisch) | G38: Einspeicherung S2
B39: Zwischenkühler 40 °C (S2) | D39: über T_krit (31,0 °C) – keine Kondensation | E39: über der Cricondentherm (28,1 °C) – keine Kondensation | F39: Zwischendruck frei wählbar → 55 bar: Z ≥ 0,7 (Q-017 S. 44), Stufe 2 84,7 °C ≤ 95 °C | G39: Kühlung
B40: Kopfdruck bei voller Kaverne | D40: 107,6 bar | E40: 114,9 bar | F40: Stillstand; im Betrieb (100.000 Nm³/h): S1 114,3 / S2 127,3 bar (rein 105,4 / 114,6 bar) | G40: Kaverne & Gassäule
B41: Bohrloch ganz einphasig (Grenzfall) | D41: Kopf ≥ 73,8 bar (p_krit) | E41: Kopf ≥ 82,2 bar (Cricondenbar) | F41: Kavernendruck ab 171,2 bar (rein: 171,7 bar) | G41: Kaverne & Gassäule
B42: Leere Kaverne (70 bar unten) | D42: Kopf 45,0 bar, 0–236 m zweiphasig | E42: Kopf 50,7 bar, 0–82 m zweiphasig | F42: Zweiphasengebiet im oberen Bohrloch kleiner, aber vorhanden | G42: Kaverne & Gassäule
B43: Kritische Temperatur | D43: 31,0 °C | E43: 28,0 °C | F43: S2-Kühler liegt über der Cricondenbar – keine Kondensation nötig; Dichte ≥ 500 kg/m³ bis 32 °C | G43: Einspeicherung S2
B44: Dichte am Kavernenboden (210 bar, 46 °C) | D44: 817,6 kg/m³ | E44: 756,0 kg/m³ | F44: -7.5 % Masse je m³ Kavernenvolumen | G44: Kaverne & Gassäule
B45: Kühlmittel für Verflüssigung (Pfad A) | D45: ≤ 13,8 °C (60 bar) | E45: ≤ 14,4 °C (80 bar) | F45: nur mit kaltem Kühlwasser oder Kältemaschine; Pfad B bis ca. 26 °C | G45: Doku S2
B46: Verflüssigen bei 30 bar (tiefkalt) | D46: ab -5,6 °C flüssig | E46: nie vollständig (Blasendruck ≥ 45,9 bar) | F46: Niederdruck-Verflüssigung wie beim Schiffstransport scheidet aus | G46: Doku S2
B47: Pumpeneintritt ohne Blasengefahr | D47: ≥ 73,8 bar (p_krit) | E47: ≥ 82,2 + 3 = 85,2 bar | F47: S1-Übergabe und S2-Kühler (je 91 bar) liegen darüber | G47: Einspeicherung S1/S2

Sheet Kaverne & Gassäule
B1: Kaverne & Gassäule – welcher Druck muss am Bohrlochkopf anliegen?
B2: Einspeicherung, Kaverne V1 (tief) · Stillstand: Temperatur = Gebirgstemperatur · Worst-Case-Gemisch
B3: ← zur Übersicht
B4: WAS WIRD BERECHNET? Die Kaverne legt fest, welcher Druck unten an der LCCS (letzte zementierte Rohrtour) höchstens anliegen darf: 210 bar. Gesucht ist der Druck, den die Anlage dafür oben am Bohrlochkopf liefern muss. WARUM? Zwischen Kopf und Kaverne steht eine 1200 m hohe Säule aus dem CO₂-Gemisch. Ihr Gewicht erhöht den Druck nach unten: dp/dz = ρ(p,T) · g. WIE WIRD GERECHNET? Die Dichte ρ hängt selbst von Druck und Temperatur ab – deshalb wird die Säule in 600 Schritten à 2 m gerechnet, in jedem Schritt mit neuer Dichte aus CoolProp (Gemisch). Temperatur = Gebirgstemperatur T(z) = T₀ + grad T · z (Stillstand). Gerechnet wird von unten (bekannter Kavernendruck) nach oben – das Ergebnis ist direkt der Kopfdruck. GRENZFALL: Mit dem Sekantenverfahren wird der Kavernendruck gesucht, bei dem der Kopfdruck genau die Cricondenbar des Gemischs ist (82,2 bar = höchster Druck des Zweiphasengebiets; bei reinem CO₂ war es p_krit = 73,8 bar). Darüber bleibt das ganze Bohrloch einphasig, darunter kann sich im oberen Bohrloch eine Gasphase bilden. ERGEBNIS: Für 210 bar unten sind 114,9 bar am Kopf nötig – die Säule liefert rund 95 bar (reines CO₂: 107,6 bar bzw. 102 bar). Das Gemisch ist leichter, deshalb muss die Anlage oben mehr Druck aufbringen. VERGLEICH: Unter der Ergebnistabelle stehen dieselben drei Füllstände für reines CO₂; in den Diagrammen Druck und Dichte gepunktet. Das Gemisch ist in der Säule 7–10 % leichter – deshalb 7,3 bar mehr am Kopf bei voller Kaverne. IM BETRIEB (NEU): Beim Einspeisen strömt das CO₂ mit der Temperatur nach der Pumpe nach unten – Abschnitt unten. Zieldruck der Pumpe bei 100.000 Nm³/h: S1 114,3 bar, S2 127,3 bar (Stillstand 114,9 bar).
B6: Kavernenparameter
B7: Größe | C7: Kaverne V1 (tief) | D7: Kaverne V2 (flach): entfällt | E7: Einheit
B8: Teufe (LCCS) | C8: =z_V1 | E8: m
B9: Gebirgstemperatur Oberfläche | C9: =Tober_V1 | E9: °C
B10: Geothermischer Gradient | C10: =grad_V1 | E10: K/m
B11: Kavernentemperatur | C11: =T_Kav_V1 | E11: °C
B12: Maximaldruck an der LCCS | C12: =pmax_V1 | E12: bar
B13: Minimaldruck an der LCCS | C13: =pmin_V1 | E13: bar
B14: Werte kommen von der Übersicht. Die flache Kaverne entfällt (Q-030 S. 17: DBI verwirft sie selbst; Besprechung K. Vosbeck 15.10.2026).
B16: Ergebnis: drei Füllstände der Kaverne
B17: Fall | C17: Druck unten (LCCS) [bar] | D17: Kopfdruck [bar] | E17: T am Kopf [°C] | F17: ρ Kopf [kg/m³] | G17: ρ unten [kg/m³] | H17: Säulengewinn [bar] | I17: Bedeutung
B18: voll (p_max) | C18: 210 | D18: 114.9313 | E18: 10 | F18: 865.00462 | G18: 755.95384 | H18: =C18-D18 | I18: Zieldruck für die Einspeicherung
B19: Grenzfall | C19: 171.19473 | D19: 82.177594 | E19: 10 | F19: 825.29682 | G19: 695.90622 | H19: =C19-D19 | I19: Kopfdruck = Cricondenbar (82,2 bar): ab hier ist das Bohrloch ganz einphasig
B20: leer (p_min) | C20: 70 | D20: 50.705459 | E20: 10 | F20: 208.63402 | G20: 166.94226 | H20: =C20-D20 | I20: Kopf 50,7 bar → zweiphasig 0–82 m (reines CO₂: 45,0 bar, 0–236 m)
B22: Zum Vergleich: reines CO₂ (gleiche Kaverne, Werte aus der Mappe für reines CO₂)
B23: Fall | C23: Druck unten (LCCS) [bar] | D23: Kopfdruck [bar] | E23: T am Kopf [°C] | F23: ρ Kopf [kg/m³] | G23: ρ unten [kg/m³] | H23: Säulengewinn [bar] | I23: Gemisch − rein: Kopfdruck [bar]
B24: voll (p_max) | C24: 210 | D24: 107.60322 | E24: 10 | F24: 926.32204 | G24: 817.60427 | H24: =C24-D24 | I24: =D18-D24
B25: Grenzfall (Kopf = p_krit 73,8 bar) | C25: 171.65228 | D25: 73.772984 | E25: 10 | F25: 897.02184 | G25: 771.2552 | H25: =C25-D25 | I25: =D19-D25
B26: leer (p_min) | C26: 70 | D26: 44.992994 | E26: 10 | F26: 134.97287 | G26: 180.73732 | H26: =C26-D26 | I26: =D20-D26
B28: Diagramme – Darstellung nach Buzogany & Kruck (2022), Fig. 3 (dort 1150 m Teufe, hier Kaverne V1 mit 1200 m)
B29: HIER ZUM STILLSTAND: Die Gassäulen gelten für ruhendes CO₂ mit Gebirgstemperatur und für die drei Füllstände nach Q-028 (Buzogany & Kruck 2022, Fig. 3: voll, Grenzfall, leer). Was Injektion und Ausspeicherung für das Fenster bedeuten (Reibungsdruckverlust im Strang, Wärmeaustausch mit dem Gebirge, Erwärmung bzw. Abkühlung in der Kaverne, Drosselung beim Ausspeichern), ist hier NICHT dargestellt.
B53: Tiefenprofile (gerechnet in 2-m-Schritten, dargestellt alle 50 m)
B54: Teufe z [m] | C54: T [°C] | D54: p voll [bar] | E54: ρ voll [kg/m³] | F54: p Grenzfall [bar] | G54: ρ Grenzfall [kg/m³] | H54: p leer [bar] | I54: ρ leer [kg/m³] | J54: p voll rein [bar] | K54: ρ voll rein [kg/m³] | L54: p Grenzfall rein [bar] | M54: ρ Grenzfall rein [kg/m³] | N54: p leer rein [bar] | O54: ρ leer rein [kg/m³]
B55: 0 | C55: 10 | D55: 114.9313 | E55: 865.00462 | F55: 82.177594 | G55: 825.29682 | H55: 50.705459 | I55: 208.63402 | J55: 107.60322 | K55: 926.32204 | L55: 73.772984 | M55: 897.02184 | N55: 44.992994 | O55: 134.97287
B56: 50 | C56: 11.5 | D56: 119.16101 | E56: 859.85865 | F56: 86.209692 | G56: 819.03601 | H56: 51.65963 | I56: 180.45339 | J56: 112.13418 | K56: 921.36649 | L56: 78.158267 | M56: 891.29696 | N56: 46.658027
B57: 100 | C57: 13 | D57: 123.36557 | E57: 854.75081 | F57: 90.211177 | G57: 812.81436 | H57: 52.470045 | I57: 158.26745 | J57: 116.6409 | K57: 916.43579 | L57: 82.515515 | M57: 885.59013 | N57: 48.469674
B58: 150 | C58: 14.5 | D58: 127.54518 | E58: 849.68334 | F58: 94.182258 | G58: 806.63793 | H58: 53.247139 | I58: 158.58157 | J58: 121.12349 | K58: 911.53193 | L58: 86.844824 | M58: 879.9048 | N58: 50.287387
B59: 200 | C59: 16 | D59: 131.70005 | E59: 844.65845 | F59: 98.123172 | G59: 800.51281 | H59: 54.025824 | I59: 158.91436 | J59: 125.58211 | K59: 906.65681 | L59: 91.146309 | M59: 874.24443 | N59: 52.113012
B60: 250 | C60: 17.5 | D60: 135.83037 | E60: 839.67828 | F60: 102.03419 | G60: 794.4451 | H60: 54.806181 | I60: 159.26271 | J60: 130.01689 | K60: 901.81229 | L60: 95.420101 | M60: 868.61242 | N60: 53.576396 | O60: 172.35313
B61: 300 | C61: 19 | D61: 139.93639 | E61: 834.74497 | F61: 105.9156 | G61: 788.4408 | H61: 55.588282 | I61: 159.62407 | J61: 134.428 | K61: 897.00015 | L61: 99.666347 | M61: 863.01213 | N61: 54.422451 | O61: 172.62152
B62: 350 | C62: 20.5 | D62: 144.01834 | E62: 829.86064 | F62: 109.76773 | G62: 782.50579 | H62: 56.372183 | I62: 159.9963 | J62: 138.81558 | K62: 892.22209 | L62: 103.88521 | M62: 857.44688 | N62: 55.269946 | O62: 172.93614
B63: 400 | C63: 22 | D63: 148.07646 | E63: 825.0274 | F63: 113.59095 | G63: 776.64564 | H63: 57.157934 | I63: 160.37761 | J63: 143.17982 | K63: 887.47971 | L63: 108.07688 | M63: 851.91995 | N63: 56.119079 | O63: 173.28715
B64: 450 | C64: 23.5 | D64: 152.111 | E64: 820.24733 | F64: 117.38562 | G64: 770.86559 | H64: 57.945576 | I64: 160.76647 | J64: 147.52089 | K64: 882.77457 | L64: 112.24153 | M64: 846.43458 | N64: 56.970012 | O64: 173.66732
B65: 500 | C65: 25 | D65: 156.12224 | E65: 815.52247 | F65: 121.15215 | G65: 765.17044 | H65: 58.735141 | I65: 161.1616 | J65: 151.83898 | K65: 878.10816 | L65: 116.3794 | M65: 840.99405 | N65: 57.822871 | O65: 174.07112
B66: 550 | C66: 26.5 | D66: 160.11045 | E66: 810.85475 | F66: 124.89098 | G66: 759.56449 | H66: 59.526657 | I66: 161.5619 | J66: 156.13429 | K66: 873.48191 | L66: 120.4907 | M66: 835.60164 | N66: 58.677762 | O66: 174.49423
B67: 600 | C67: 28 | D67: 164.07591 | E67: 806.24602 | F67: 128.60254 | G67: 754.05156 | H67: 60.320149 | I67: 161.96641 | J67: 160.407 | K67: 868.89724 | L67: 124.57568 | M67: 830.26066 | N67: 59.53477 | O67: 174.93315
B68: 650 | C68: 29.5 | D68: 168.01892 | E68: 801.69794 | F68: 132.28731 | G68: 748.63494 | H68: 61.115633 | I68: 162.37435 | J68: 164.65734 | K68: 864.35556 | L68: 128.63461 | M68: 824.97441 | N68: 60.393965 | O68: 175.38502
B69: 700 | C69: 31 | D69: 171.93978 | E69: 797.21202 | F69: 135.94576 | G69: 743.31745 | H69: 61.913126 | I69: 162.78501 | J69: 168.88552 | K69: 859.85825 | L69: 132.66775 | M69: 819.74615 | N69: 61.255404 | O69: 175.84746
B70: 750 | C70: 32.5 | D70: 175.8388 | E70: 792.78954 | F70: 139.57838 | G70: 738.10144 | H70: 62.712638 | I70: 163.19779 | J70: 173.09175 | K70: 855.40667 | L70: 136.6754 | M70: 814.5791 | N70: 62.119134 | O70: 176.31849
B71: 800 | C71: 34 | D71: 179.71629 | E71: 788.43159 | F71: 143.18569 | G71: 732.98885 | H71: 63.51418 | I71: 163.6122 | J71: 177.27627 | K71: 851.00219 | L71: 140.65786 | M71: 809.47631 | N71: 62.985193 | O71: 176.79644
... B79: 1200 | C79: 46 | D79: 210 | E79: 755.95384 | F79: 171.19473 | G79: 695.90622 | H79: 70 | I79: 166.94226 | J79: 210 | K79: 817.60427 | L79: 171.65228 | M79: 771.2552 | N79: 70 | O79: 180.73732
B80: Schraffierte Felder: Zweiphasengebiet des Gemischs (Q-028: „multiphase region“). Beim leeren Fall liegt das Bohrloch von 0 bis ca. 82 m zwischen Tau- und Blasenlinie. Anders als bei reinem CO₂ ist der Druck dort nicht auf eine Linie festgelegt – ein Gemisch verdampft über ein Druckband. Die Dichte ist die Gleichgewichtsdichte bei homogen verteilten Phasen; im Stillstand würden sich Gas und Flüssigkeit trennen, die Werte sind dort Richtwerte.
B82: Arbeitsgas, Ein-/Ausspeicherzyklus, Stillstand und Kopfdruckfenster: eigene Kaverne-Mappe (Kaverne/Begleitstoffe_CO2).
B85: Im Betrieb: Einspeisen mit strömender Säule – Zieldruck der Pumpe (neu, Besprechung 15.10.2026)
B86: WARUM? Die Säule im Stillstand (oben) hat Gebirgstemperatur. Beim Einspeisen strömt das CO₂ mit der Temperatur nach der Pumpe nach unten – S1 kälter als das Gebirge (dichtere Säule), S2 wärmer (leichtere Säule). Dazu kostet die Strömung Reibungsdruck. WIE? Adiabat (schnelle Förderung, kein Wärmeaustausch mit dem Gebirge): h + g·z = konst. Impuls: dp = −(ρ·g − f/D · ρ·v²/2)·dz, Förderstrang 8 5/8" (D_i = 198,8 mm, Q-030 Tab. 1), Darcy f = 0,016 (Q-003 Kap. 6.2). Kopfdruck und Pumpenaustritt hängen voneinander ab → Iteration (2–3 Schritte). ERGEBNIS: Die Pumpe wird auf den Betrieb bei 100.000 Nm³/h ausgelegt (Regelung über den Kopfdruck, Besprechung 15.10.2026, Pkt. 6): S1 114,3 bar, S2 127,3 bar. Bei kleinerem Kavernendruck wird weniger gebraucht (Kopfdruckfenster in der Kaverne-Mappe). GRENZE: homogen und einphasig gerechnet; genauer nur mit Mehrphasen-Bohrlochmodell (Q-028 S. 11). Rechnung: Kaverne/Grundlagen/kaverne_bausteine.zieldruck_einspeisen().
B88: Fall | C88: Druck unten (LCCS) [bar] | D88: Kopfdruck [bar] | E88: T am Kopf [°C] | F88: T an der LCCS [°C] | G88: v am Kopf [m/s] | H88: davon Reibung [bar] | I88: Säulengewinn [bar] | J88: Bedeutung
B89: Stillstand (voll) | C89: 210 | D89: =Kopf_voll | E89: 10 | F89: 46 | G89: – | H89: – | I89: =C89-D89 | J89: Gebirgstemperatur, ruht
B90: Einspeisen S1, 50.000 Nm³/h | C90: 210 | D90: 112.96038 | E90: 18.125656 | F90: 28.695808 | G90: 1.073265 | H90: – | I90: =C90-D90
B91: Einspeisen S1, 100.000 Nm³/h | C91: 210 | D91: 114.2738 | E91: 18.305735 | F91: 28.789554 | G91: 2.1450483 | H91: 1.6745735 | I91: =C91-D91 | J91: Zieldruck Pumpe S1 (Auslegung)
B92: Einspeisen S2, 50.000 Nm³/h | C92: 210 | D92: 125.77294 | E92: 34.092633 | F92: 48.000424 | G92: 1.2532918 | H92: – | I92: =C92-D92
B93: Einspeisen S2, 100.000 Nm³/h | C93: 210 | D93: 127.2718 | E93: 34.406495 | F93: 48.115197 | G93: 2.5026596 | H93: 1.8905969 | I93: =C93-D93 | J93: Zieldruck Pumpe S2 (Auslegung)
B95: Zum Vergleich: reines CO₂ (100.000 Nm³/h, Werte aus der Mappe für reines CO₂)
B96: Fall | C96: Druck unten (LCCS) [bar] | D96: Kopfdruck [bar] | E96: T am Kopf [°C] | F96: T an der LCCS [°C] | G96: v am Kopf [m/s] | H96: davon Reibung [bar] | I96: Diese Mappe − reines CO₂ [bar]
B97: Einspeisen S1, 100.000 Nm³/h | C97: 210 | D97: 105.4411 | E97: 16.571862 | F97: 25.574241 | G97: 1.9989529 | H97: 1.6189744 | I97: =D91-D97
B98: Einspeisen S2, 100.000 Nm³/h | C98: 210 | D98: 114.63416 | E98: 29.589764 | F98: 40.718353 | G98: 2.2022907 | H98: 1.7501653 | I98: =D93-D98
B99: Graue Werte aus Kaverne/Grundlagen (Schritt 01, kaverne_stillstand.json) bzw. Prozesskette/03_S1 und 03_S2. Reibung = Kopfdruck mit minus ohne Rohrreibung (nur bei 100.000 Nm³/h gerechnet; bei 50.000 Nm³/h etwa ein Viertel, da ~ṁ²).

Sheet Medienvergleich
B1: Medienvergleich – warum CO₂ oben weniger Druck braucht
B2: Gleiche Kaverne (Ziel 210 bar unten, Gebirge 10 °C + 0,03 K/m), gleiche Rechnung – nur das Medium ist anders
B3: ← zur Übersicht
B4: IDEE: Je schwerer die Säule im Bohrloch, desto mehr Druck liefert sie und desto weniger muss die Anlage oben aufbringen. Das CO₂-Gemisch ist unter diesen Bedingungen dicht (756–865 kg/m³; reines CO₂ 820–930 kg/m³), Erdgas und Wasserstoff bleiben Gase (Erdgas ~150 kg/m³, Wasserstoff ~15 kg/m³). FOLGE: Für das CO₂-Gemisch reicht eine Pumpe auf ~115 bar (reines CO₂ ~108 bar). Erdgas- und Wasserstoffspeicher brauchen Verdichter fast bis zum vollen Kavernendruck. Rechnung wie auf Blatt „Kaverne & Gassäule“: dp/dz = ρ(p,T) · g, von unten nach oben, Dichte aus CoolProp (CO₂: Worst-Case-Gemisch, Methan als Erdgas-Ersatz, reiner Wasserstoff). Der Zieldruck unten bleibt für alle Teufen bewusst bei 210 bar, damit nur der Effekt der Säule sichtbar wird. REINES CO₂: zum Vergleich in allen Tabellen und Diagrammen (dunkelblau gestrichelt, Werte aus der Mappe für reines CO₂). Reines CO₂ ist dichter (820–930 statt 756–865 kg/m³) und braucht oben 7,3 bar weniger.
B6: 1) Nötiger Kopfdruck über der Teufe (210 bar unten)
B7: Teufe [m] | C7: CO₂-Gemisch [bar] | D7: reines CO₂ [bar] | E7: Erdgas CH₄ [bar] | F7: Wasserstoff H₂ [bar] | G7: Ziel unten [bar]
B8: 600 | C8: 158.49008 | D8: 155.16617 | E8: 200.16601 | F8: 209.09501 | G8: =pmax_V1
B9: 800 | C9: 142.98603 | D9: 138.41709 | E9: 197.20927 | F9: 208.805 | G9: =pmax_V1
B10: 1000 | C10: 128.4373 | D10: 122.53672 | E10: 194.39268 | F10: 208.52047 | G10: =pmax_V1
B11: 1200 | C11: 114.9313 | D11: 107.60322 | E11: 191.70534 | F11: 208.24119 | G11: =pmax_V1
B12: 1400 | C12: 102.56219 | D12: 93.705839 | E12: 189.13736 | F12: 207.96699 | G12: =pmax_V1
B13: 1600 | C13: 91.42468 | D13: 80.943841 | E13: 186.67971 | F13: 207.69769 | G13: =pmax_V1
B14: CO₂-Gemisch: 67 bar weniger Kopfdruck zwischen 600 und 1600 m (reines CO₂: 74 bar) – Erdgas und Wasserstoff profitieren kaum von der Teufe.
B16: 2) Kennzahlen bei 1200 m Teufe
B17: Medium | C17: Kopfdruck [bar] | D17: Säulengewinn [bar] | E17: ρ Kopf [kg/m³] | F17: ρ unten [kg/m³] | G17: Übertagetechnik
B18: CO₂-Gemisch | C18: 114.9313 | D18: =pmax_V1-C18 | E18: 865.00462 | F18: 755.95384 | G18: Pumpe (91 → 115 bar)
B19: reines CO₂ | C19: 107.60322 | D19: =pmax_V1-C19 | E19: 926.32204 | F19: 817.60427 | G19: Pumpe (91 → 108 bar)
B20: Erdgas (CH₄) | C20: 191.70534 | D20: =pmax_V1-C20 | E20: 167.47194 | F20: 145.17947 | G20: Verdichter bis ~192 bar
B21: Wasserstoff (H₂) | C21: 208.24119 | D21: =pmax_V1-C21 | E21: 15.728831 | F21: 14.210688 | G21: Verdichter bis ~208 bar
B22: Bei Erdgas und Wasserstoff ist die Dichte unten kleiner als oben: der Temperaturanstieg überwiegt den Druckanstieg.
B24: 3) Druck- und Dichteprofile über die Teufe (Kaverne V1, 1200 m – gerechnet in 2-m-Schritten, dargestellt alle 50 m)
B25: Teufe z [m] | C25: p CO₂-Gemisch [bar] | D25: ρ CO₂-Gemisch [kg/m³] | E25: p reines CO₂ [bar] | F25: ρ reines CO₂ [kg/m³] | G25: p CH₄ [bar] | H25: ρ CH₄ [kg/m³] | I25: p H₂ [bar] | J25: ρ H₂ [kg/m³]
B26: 0 | C26: 114.9313 | D26: 865.00462 | E26: 107.60322 | F26: 926.32204 | G26: 191.70534 | H26: 167.47194 | I26: 208.24119 | J26: 15.728831
B27: 50 | C27: 119.16101 | D27: 859.85865 | E27: 112.13418 | F27: 921.36649 | G27: 192.5238 | H27: 166.30248 | I27: 208.31816 | J27: 15.658526
B28: 100 | C28: 123.36557 | D28: 854.75081 | E28: 116.6409 | F28: 916.43579 | G28: 193.33659 | H28: 165.15879 | I28: 208.39479 | J28: 15.588903
B29: 150 | C29: 127.54518 | D29: 849.68334 | E29: 121.12349 | F29: 911.53193 | G29: 194.14383 | H29: 164.0401 | I29: 208.47108 | J29: 15.519951
B30: 200 | C30: 131.70005 | D30: 844.65845 | E30: 125.58211 | F30: 906.65681 | G30: 194.94564 | H30: 162.94567 | I30: 208.54703 | J30: 15.451659
B31: 250 | C31: 135.83037 | D31: 839.67828 | E31: 130.01689 | F31: 901.81229 | G31: 195.74215 | H31: 161.87476 | I31: 208.62264 | J31: 15.384018
B32: 300 | C32: 139.93639 | D32: 834.74497 | E32: 134.428 | F32: 897.00015 | G32: 196.53346 | H32: 160.82667 | I32: 208.69793 | J32: 15.317018
B33: 350 | C33: 144.01834 | D33: 829.86064 | E33: 138.81558 | F33: 892.22209 | G33: 197.31969 | H33: 159.80073 | I33: 208.77289 | J33: 15.25065
B34: 400 | C34: 148.07646 | D34: 825.0274 | E34: 143.17982 | F34: 887.47971 | G34: 198.10094 | H34: 158.79625 | I34: 208.84753 | J34: 15.184904
B35: 450 | C35: 152.111 | D35: 820.24733 | E35: 147.52089 | F35: 882.77457 | G35: 198.87732 | H35: 157.81261 | I35: 208.92184 | J35: 15.119771
B36: 500 | C36: 156.12224 | D36: 815.52247 | E36: 151.83898 | F36: 878.10816 | G36: 199.64893 | H36: 156.84918 | I36: 208.99584 | J36: 15.055243
B37: 550 | C37: 160.11045 | D37: 810.85475 | E37: 156.13429 | F37: 873.48191 | G37: 200.41586 | H37: 155.90536 | I37: 209.06952 | J37: 14.99131
... B50: 1200 | C50: 210 | D50: 755.95384 | E50: 210 | F50: 817.60427 | G50: 210 | H50: 145.17947 | I50: 210 | J50: 14.210688
B51: Gleiche Rechnung wie auf Blatt „Kaverne & Gassäule“ (Fall voll): von 210 bar unten nach oben integriert, Gebirge 10 °C + 0,03 K/m.

Sheet Einspeicherung S1
B1: Einspeicherung S1 – Anlieferung in dichter Phase: Pumpe (Worst-Case-Gemisch)
B2: Netzübergabe → Messtechnik/Filtration → Pumpe → Bohrlochkopf
B3: ← zur Übersicht
B4: AUSGANGSLAGE: Das CO₂-Gemisch kommt dicht (flüssigkeitsähnlich) aus der Fernleitung: 91 bar, 15 °C. Es liegt 19 bar über der Blasenlinie und 8,8 bar über der Cricondenbar – sicher außerhalb der Unsicherheit der Phasengrenze (±3 bar). ZIEL: 114,3 bar am Bohrlochkopf im Betrieb (100.000 Nm³/h) – strömende Säule, Blatt „Kaverne & Gassäule“, Abschnitt Betrieb. Im Stillstand wären es 114,9 bar: das kalte CO₂ aus der Pumpe (18,3 °C statt Gebirgstemperatur) macht die Säule schwerer, die Reibung (1,7 bar) kostet etwas zurück. WARUM EINE PUMPE? Das Gemisch ist bereits dicht und kaum kompressibel. Eine Pumpe genügt, ein Verdichter wäre nur für Gas nötig. RECHENWEG: (1) Zustand am Eintritt → Enthalpie h₁, Entropie s₁. (2) Idealfall: isentrope Druckerhöhung (Entropie bleibt gleich) → h₂s. (3) Realfall mit Verlusten über den isentropen Wirkungsgrad: h₂ = h₁ + (h₂s − h₁) / η. (4) Aus p₂ und h₂ → Austrittstemperatur T₂. (5) Spezifische Arbeit w = h₂ − h₁, Leistung P = ṁ · w. BEGRIFF: isentrop = Entropie konstant (Pumpe, Verdichter). Nicht verwechseln mit isenthalp = Enthalpie konstant (Drossel bei der Ausspeicherung). ANNAHMEN: η = 0,80 (eigene Annahme – Q-016 S. 4 nennt nur eine Glykolpumpe mit 70 %; Herstellerwert einholen); kein Druckverlust in Messtechnik und Filtration; Worst-Case-Gemisch (Enthalpien haben einen anderen Nullpunkt als bei reinem CO₂ – vergleichbar sind nur Differenzen).
B6: Rechenschritte
B7: Nr. | C7: Rechenschritt | D7: Formel / Funktion | E7: Wert | F7: Einheit | G7: Art des Werts
B8: 1 | C8: Eintrittsdruck | D8: = Übergabedruck S1 | E8: =p_S1 | F8: bar | G8: aus anderem Blatt
B9: 2 | C9: Eintrittstemperatur | D9: = Übergabetemperatur S1 | E9: =T_S1 | F9: °C | G9: aus anderem Blatt
B10: 3 | C10: Enthalpie Eintritt h₁ | D10: CoolProp: H(p₁, T₁) | E10: 246.62641 | F10: kJ/kg | G10: CoolProp (fest)
B11: 4 | C11: Entropie Eintritt s₁ | D11: CoolProp: S(p₁, T₁) | E11: 1.2726354 | F11: kJ/(kg·K) | G11: CoolProp (fest)
B12: 5 | C12: Austrittsdruck p₂ (= Zieldruck im Betrieb) | D12: Kaverne & Gassäule: Betrieb, V_n,max | E12: =Kopf_betr_S1 | F12: bar | G12: aus anderem Blatt
B13: 6 | C13: Enthalpie isentrop h₂s | D13: CoolProp: H(p₂, s = s₁) | E13: 249.52399 | F13: kJ/kg | G13: CoolProp (fest)
B14: 7 | C14: Isentroper Wirkungsgrad η | D14: Annahme (Übersicht) | E14: =eta | F14: – | G14: aus anderem Blatt
B15: 8 | C15: Enthalpie real h₂ | D15: h₂ = h₁ + (h₂s − h₁) / η | E15: =Szen1_h1+(Szen1_h2s-Szen1_h1)/eta | F15: kJ/kg | G15: Excel-Formel
B16: 9 | C16: Austrittstemperatur T₂ | D16: CoolProp: T(p₂, h₂) | E16: 18.305735 | F16: °C | G16: CoolProp (fest)
B17: 10 | C17: Phase am Austritt | D17: CoolProp: Phase(p₂, h₂) | E17: dicht (flüssig) | F17: – | G17: CoolProp (fest)
B18: 11 | C18: Spezifische Arbeit w | D18: w = h₂ − h₁ | E18: =Szen1_h2-Szen1_h1 | F18: kJ/kg | G18: Ergebnis (Formel)
B19: 12 | C19: Normdichte Gemisch (0 °C; 1,01325 bar) | D19: CoolProp: D(p_n, T_n), DIN 1343 | E19: 1.934285 | F19: kg/m³ | G19: CoolProp (fest)
B20: 13 | C20: Massenstrom, unterer Fall | D20: ṁ = V_n,min · ρ_n / 3600 | E20: =V_min*rho_n/3600 | F20: kg/s | G20: Excel-Formel
B21: 14 | C21: Massenstrom, oberer Fall | D21: ṁ = V_n,max · ρ_n / 3600 | E21: =V_max*rho_n/3600 | F21: kg/s | G21: Excel-Formel
B22: 15 | C22: Pumpenleistung, unterer Fall | D22: P = ṁ · w | E22: =Szen1_mmin*Szen1_w | F22: kW | G22: Ergebnis (Formel)
B23: 16 | C23: Pumpenleistung, oberer Fall | D23: P = ṁ · w | E23: =Szen1_mmax*Szen1_w | F23: kW | G23: Ergebnis (Formel)
B24: Wird η auf der Übersicht geändert, rechnen h₂, w und P sofort mit. T₂ kommt aus CoolProp und färbt sich dann rot (veraltet).
B26: Zustandspunkte
C27: Punkt | D27: p [bar] | E27: T [°C] | F27: h [kJ/kg] | G27: Phase
C28: Netzübergabe / Pumpe ein | D28: 91 | E28: 15 | F28: 246.62641 | G28: dicht (flüssig) | I28: Die Pumpe hebt den Druck von 91 auf 114,3 bar; die Temperatur steigt nur um 3,3 K. Der ganze Weg liegt über der Cricondenbar (82,2 bar) – das Gemisch bleibt einphasig dicht, die Pumpe sieht nie das Zweiphasengebiet. Gesamtbild: Blatt „Phasendiagramm“.
C29: Pumpe aus / Bohrlochkopf | D29: =Szen1_p2 | E29: =Szen1_T2 | F29: =Szen1_h2 | G29: dicht (flüssig)

Sheet Einspeicherung S2
B1: Einspeicherung S2 – gasförmige Anlieferung: verdichten, kühlen, pumpen (Worst-Case-Gemisch)
B2: Netzübergabe → Messtechnik/Filtration → Verdichter 1 → Zwischenkühler (40 °C) → Verdichter 2 → Kühler (91 bar, 26 °C) → Pumpe → Bohrlochkopf
B3: ← zur Übersicht
B4: AUSGANGSLAGE: Das CO₂-Gemisch kommt gasförmig an: 30 bar, 15 °C. Ziel: 127,3 bar am Bohrlochkopf im Betrieb (100.000 Nm³/h; Stillstand 114,9 bar – Blatt „Kaverne & Gassäule“). WEG: Zwei Verdichterstufen 30 → 55 → 91 bar mit Zwischenkühler auf 40 °C; 91 bar liegt über der Cricondenbar des Gemischs (82,2 bar). Der Kühler vor der Pumpe kühlt bei 91 bar auf 26 °C – das CO₂ wird stetig dichter, ohne ein Zweiphasengebiet zu berühren (keine Kondensation, kein Verflüssiger). Die Pumpe saugt einphasig dichtes CO₂ an (660 kg/m³) – bei demselben Druck wie in S1. ZWEI KÜHLER, ZWEI ZWECKE: Zwischenkühler senkt die Verdichterarbeit und hält Stufe 2 unter 95 °C → 40 °C (Q-017 S. 37; Q-063 Kap. 5.1). Kühler vor der Pumpe so kalt wie das Kühlwasser erlaubt, weit weg von der pseudokritischen Linie (32,8 °C bei 91 bar) → 26 °C = Kühlwasser 20 °C + 6 K (Q-120 Folie 24/32). Herleitung: Blatt „Kühlung“. ANNAHMEN (Übersicht): Zwischendruck 55 bar (Z ≥ 0,7, Q-017 S. 44) · höchstens 95 °C je Stufe (Q-016 S. 4) · Z > 0,65 am Verdichtereintritt (Siemens Energy) · ρ ≥ 500 kg/m³ an der Pumpe (Q-121 S. 2) · Wirkungsgrade 84 / 82 % (Q-016 S. 4), Pumpe 80 % (eigene Annahme). Quellen mit Fundstelle: Blatt „Annahmen & Begründung“. RECHENWEG: wie in S1 – Verdichter und Pumpe isentrop + Wirkungsgrad: h_aus = h_ein + (h_s − h_ein) / η. Kühler: abgeführte Wärme q = h_vor − h_nach. Grau = CoolProp-Wert (fest), weiß = Excel-Formel, grün = Ergebnis.
B6: Rechenschritte
B7: Nr. | C7: Rechenschritt | D7: Formel / Funktion | E7: Wert | F7: Einheit | G7: Art des Werts
B8: Verdichter 1. Stufe
B9: 1 | C9: Eintrittsdruck | D9: = Übergabe S2 | E9: =p_S2 | F9: bar | G9: aus anderem Blatt
B10: 2 | C10: Eintrittstemperatur | D10: = Übergabe S2 | E10: =T_S2 | F10: °C | G10: aus anderem Blatt
B11: 3 | C11: Enthalpie Eintritt | D11: CoolProp: H(p_ein, T_ein) | E11: 460.1284 | F11: kJ/kg | G11: CoolProp (fest)
B12: 4 | C12: Zwischendruck | D12: Annahme (Übersicht), Blatt „Kühlung“ | E12: =p_zw | F12: bar | G12: aus anderem Blatt
B13: 5 | C13: Wirkungsgrad η_V1 | D13: Annahme (Übersicht), Q-016 S. 4 | E13: =eta_V1 | F13: – | G13: aus anderem Blatt
B14: 6 | C14: Enthalpie isentrop | D14: CoolProp: H(p_zw, s_ein) | E14: 489.70648 | F14: kJ/kg | G14: CoolProp (fest)
B15: 7 | C15: Enthalpie real Austritt | D15: h = h_ein + (h_s − h_ein) / η_V1 | E15: =Szen2_h1+(Szen2_h1s-Szen2_h1)/eta_V1 | F15: kJ/kg | G15: Excel-Formel
B16: 8 | C16: Austrittstemperatur | D16: CoolProp: T(p_zw, h) | E16: 65.899089 | F16: °C | G16: CoolProp (fest)
B17: 9 | C17: Prüfung 95-°C-Grenze (Q-016 S. 4) | D17: T_aus ≤ T_max ? | E17: =IF(Szen2_T1a<=T_maxV,"✔ eingehalten","⚠ überschritten") | F17: – | G17: Excel-Formel
B18: 10 | C18: Spezifische Arbeit Stufe 1 | D18: w₁ = h_aus − h_ein | E18: =Szen2_h1a-Szen2_h1 | F18: kJ/kg | G18: Ergebnis (Formel)
B19: Zwischenkühler (auf T_ZK = 40 °C)
B20: 11 | C20: Prüfung: bleibt gasförmig? | D20: T_ZK > Cricondentherm ? | E20: =IF(T_ZK>T_cricondentherm,"✔ gasförmig ("&FIXED(T_ZK-T_cricondentherm,1)&" K über der Cricondentherm)","⚠ unter der Cricondentherm – Taudruck prüfen") | F20: – | G20: Excel-Formel
B21: 12 | C21: Enthalpie nach Zwischenkühler | D21: CoolProp: H(p_zw, T_ZK) | E21: 459.93005 | F21: kJ/kg | G21: CoolProp (fest)
B22: 13 | C22: Abgeführte Wärme | D22: q = h_vor − h_nach | E22: =Szen2_h1a-Szen2_hZK | F22: kJ/kg | G22: Excel-Formel
B23: 14 | C23: Realgasfaktor Eintritt Stufe 2 | D23: CoolProp: Z(p_zw, T_ZK) | E23: 0.74124743 | F23: – | G23: CoolProp (fest)
B24: 15 | C24: Prüfung Realgasfaktor (Siemens 0,65; Q-017: 0,7) | D24: Z > Z_min ? | E24: =IF(Szen2_Z2>=0.7,"✔ eingehalten (auch ≥ 0,7 nach Q-017)",IF(Szen2_Z2>Z_min,"✔ über "&FIXED(Z_min,2)&", unter 0,7 (Q-017)","⚠ nicht über "&FIXED(Z_min,2))) | F24: – | G24: Excel-Formel
B25: Verdichter 2. Stufe
B26: 16 | C26: Wirkungsgrad η_V2 | D26: Annahme (Übersicht), Q-016 S. 4 | E26: =eta_V2 | F26: – | G26: aus anderem Blatt
B27: 17 | C27: Austrittsdruck | D27: Annahme (Übersicht) | E27: =p_uek | F27: bar | G27: aus anderem Blatt
B28: 18 | C28: Enthalpie isentrop | D28: CoolProp: H(p_ük, s(p_zw, T_ZK)) | E28: 483.91014 | F28: kJ/kg | G28: CoolProp (fest)
B29: 19 | C29: Enthalpie real Austritt | D29: h = h_ein + (h_s − h_ein) / η_V2 | E29: =Szen2_hZK+(Szen2_h2s-Szen2_hZK)/eta_V2 | F29: kJ/kg | G29: Excel-Formel
B30: 20 | C30: Austrittstemperatur | D30: CoolProp: T(p_ük, h) | E30: 84.713427 | F30: °C | G30: CoolProp (fest)
B31: 21 | C31: Prüfung 95-°C-Grenze (Q-016 S. 4) | D31: T_aus ≤ T_max ? | E31: =IF(Szen2_T2a<=T_maxV,"✔ eingehalten","⚠ überschritten") | F31: – | G31: Excel-Formel
B32: 22 | C32: Spezifische Arbeit Stufe 2 | D32: w₂ = h_aus − h_ein | E32: =Szen2_h2a-Szen2_hZK | F32: kJ/kg | G32: Ergebnis (Formel)
B33: Kühler vor der Pumpe bei 91 bar (über der Cricondenbar – kein Phasenwechsel)
B34: 23 | C34: Prüfung: über der Phasengrenze? | D34: p_ük ≥ Cricondenbar + 3 bar ? | E34: =IF(p_uek>=p_cricondenbar+U_PG,"✔ "&FIXED(p_uek-p_cricondenbar,1)&" bar darüber – keine Phasengrenze","⚠ Kühler kreuzt das Zweiphasengebiet") | F34: – | G34: Excel-Formel
B35: 24 | C35: Enthalpie nach Kühler | D35: CoolProp: H(p_ük, T_K) | E35: 287.1366 | F35: kJ/kg | G35: CoolProp (fest)
B36: 25 | C36: Dichte nach Kühler = Pumpeneintritt | D36: CoolProp: D(p_ük, T_K) | E36: 660.42105 | F36: kg/m³ | G36: CoolProp (fest)
B37: 26 | C37: Prüfung Dichte (Q-121 S. 2) | D37: ρ ≥ ρ_min ? | E37: =IF(Szen2_rhoP>=rho_min,"✔ pumpbar (≥ "&TEXT(rho_min,"0")&" kg/m³)","⚠ zu dünn für eine Pumpe") | F37: – | G37: Excel-Formel
B38: 27 | C38: Abgeführte Wärme | D38: q = h_vor − h_nach | E38: =Szen2_h2a-Szen2_hK | F38: kJ/kg | G38: Excel-Formel
B39: Pumpe
B40: 28 | C40: Austrittsdruck (= Zieldruck im Betrieb) | D40: Kaverne & Gassäule: Betrieb, V_n,max | E40: =Kopf_betr_S2 | F40: bar | G40: aus anderem Blatt
B41: 29 | C41: Wirkungsgrad η_P | D41: Annahme (Übersicht) | E41: =eta | F41: – | G41: aus anderem Blatt
B42: 30 | C42: Enthalpie isentrop bei Kopfdruck | D42: CoolProp: H(p_Kopf, s(p_ük, T_K)) | E42: 292.47599 | F42: kJ/kg | G42: CoolProp (fest)
B43: 31 | C43: Enthalpie real Austritt | D43: h = h_ein + (h_s − h_ein) / η_P | E43: =Szen2_hK+(Szen2_hPs-Szen2_hK)/eta | F43: kJ/kg | G43: Excel-Formel
B44: 32 | C44: Austrittstemperatur | D44: CoolProp: T(p_Kopf, h) | E44: 34.406495 | F44: °C | G44: CoolProp (fest)
B45: 33 | C45: Spezifische Arbeit Pumpe | D45: w_P = h_aus − h_ein | E45: =Szen2_hPa-Szen2_hK | F45: kJ/kg | G45: Ergebnis (Formel)
B46: Summe S2
B47: 34 | C47: Spezifische Arbeit gesamt | D47: w = w₁ + w₂ + w_P | E47: =Szen2_w1+Szen2_w2+Szen2_wP | F47: kJ/kg | G47: Ergebnis (Formel)
B48: 35 | C48: Abgeführte Wärme gesamt | D48: q = q_ZK + q_K | E48: =Szen2_qZK+Szen2_qK | F48: kJ/kg | G48: Excel-Formel
B49: 36 | C49: Antriebsleistung, unterer Fall | D49: P = ṁ_min · w | E49: =Szen1_mmin*Szen2_w_ges | F49: kW | G49: Ergebnis (Formel) | I49: Der Kühler bei 91 bar liegt über der Spitze des roten Zweiphasengebiets (Cricondenbar 82,2 bar): das Gemisch wird ohne Phasenwechsel dicht. Gesamtbild mit S1: Blatt „Phasendiagramm“.
B50: 37 | C50: Antriebsleistung, oberer Fall | D50: P = ṁ_max · w | E50: =Szen1_mmax*Szen2_w_ges | F50: kW | G50: Ergebnis (Formel)
B51: 38 | C51: Kühlleistung gesamt, oberer Fall | D51: Q = ṁ_max · q | E51: =Szen1_mmax*Szen2_q_ges | F51: kW | G51: Excel-Formel
B52: Massenstrom wie in S1 (gleicher Normvolumenstrom). Wird eine Annahme auf der Übersicht geändert, rechnen die weißen Werte mit; graue CoolProp-Werte färben sich rot und müssen mit Prozesskette/03_S2_verdichtung_kuehlung_pumpe_gemisch.py neu gerechnet werden.
B54: Zustandspunkte
C55: Punkt | D55: p [bar] | E55: T [°C] | F55: h [kJ/kg] | G55: Phase
C56: 1 Netzübergabe / Verdichter 1 ein | D56: =p_S2 | E56: =T_S2 | F56: =Szen2_h1 | G56: gasförmig
C57: 2 Verdichter 1 aus | D57: =p_zw | E57: =Szen2_T1a | F57: =Szen2_h1a | G57: gasförmig
C58: 3 Zwischenkühler aus / Verdichter 2 ein | D58: =p_zw | E58: =T_ZK | F58: =Szen2_hZK | G58: gasförmig (über der Cricondentherm)
C59: 4 Verdichter 2 aus | D59: =p_uek | E59: =Szen2_T2a | F59: =Szen2_h2a | G59: gasförmig (überkritischer Druck)
C60: 5 Kühler aus / Pumpe ein | D60: =p_uek | E60: =T_K | F60: =Szen2_hK | G60: dicht (über der Cricondenbar)
C61: 6 Pumpe aus / Bohrlochkopf | D61: =Kopf_betr_S2 | E61: =Szen2_TPa | F61: =Szen2_hPa | G61: dicht
B63: Warum dieser Weg? – mögliche Pfade im Vergleich
B64: GEWÄHLT – ÜBERKRITISCH KÜHLEN (B): Zwischenkühler 40 °C bei 55 bar, Kühler und Pumpe bei 91 bar über der Cricondenbar – weder Verdichter noch Pumpe sehen Tropfen oder Gasblasen. Funktioniert mit normalem Kühlwasser (CO₂ bis ca. 32 °C für ρ ≥ 500 kg/m³). Die Pumpe arbeitet bei demselben Druck wie in S1. Arbeit: 71,1 kJ/kg. A – VERFLÜSSIGEN BEI 80 BAR: nur mit Kühlwasser ≤ 14 °C oder Kältemaschine; die Pumpe saugt nur 3,3 bar neben der Blasenlinie an. 14 % weniger Arbeit, dazu käme die Kältemaschine (nicht gerechnet). C – DURCHVERDICHTEN: 14 % mehr Arbeit, und die zweite Stufe läge mit 104,2 °C über der 95-°C-Grenze (mit 2 Stufen nicht zulässig). D, E – NICHT MÖGLICH: bei 30 bar wird das Gemisch nie ganz flüssig (D); eine Pumpe fördert kein Gas-Flüssig-Gemisch (E, 18 Vol-% Gas). FAZIT: B ist der einzige Weg ohne Phasengrenze und ohne Kältemaschine – geringstes Risiko bei vertretbarer Arbeit. Rechnung A–E: Prozesskette/04_phasenpfade_vergleich.py; Kühltemperaturen: Blatt „Kühlung“.
B65: Pfad | C65: Weg | D65: Zweiphasengebiet | E65: Kühlwasser höchstens | F65: spez. Arbeit [kJ/kg] | G65: Bewertung
B66: B | C66: 2 Stufen 30 → 55 → 91 bar (ZK 40 °C), Kühler 26 °C, Pumpe | D66: wird nicht berührt (91 > 82,2 bar) | E66: ≈ 26 °C (CO₂ ≤ 32 °C für ρ ≥ 500 kg/m³) | F66: =Szen2_w_ges | G66: gewählt
B67: A | C67: 2 Stufen bis 80 bar, verflüssigen bei 20 °C, Pumpe | D67: im Verflüssiger; Pumpe 3,3 bar neben der Blasenlinie | E67: ≈ 14 °C | F67: 61.028129 | G67: möglich, nur mit Kältemaschine
B68: C | C68: 2 Stufen 30 → 52 → 127,3 bar, keine Pumpe | D68: wird nicht berührt | E68: beliebig | F68: 81.170935 | G68: Stufe 2 104 °C > 95 °C – nicht zulässig
B69: D | C69: bei 30 bar tiefkalt verflüssigen, pumpen | D69: kommt nicht heraus (Blasendruck ≥ 45,9 bar) | E69: – | F69: – | G69: nicht möglich
B70: E | C70: Pumpe saugt bei 80 bar / 25–26 °C an | D70: Pumpeneintritt darin (18 Vol-% Gas) | E70: – | F70: – | G70: nicht möglich
B71: A und C: grau = Werte aus 04_phasenpfade_vergleich.py (gleiche Annahmen; A mit 20 °C gerechnet, C mit Zwischenkühlung auf 26 °C). Kühlwasser höchstens = CO₂-Temperatur − 6 K (Q-120 Folie 24). | I71: B bleibt über der Spitze des roten Gebiets (Cricondenbar 82,2 bar). A kreuzt es im Verflüssiger, D kommt nicht heraus, E pumpt aus ihm heraus, C bleibt auf der Gasseite, braucht aber 14 % mehr Arbeit und läge über 95 °C.
B73: Diagrammwerte – spezifische Arbeit je Maschine [kJ/kg]
C74: Weg | D74: Verdichter 1. Stufe | E74: Verdichter 2. Stufe | F74: Pumpe
C75: S1: Pumpe | D75: 0 | E75: 0 | F75: =Szen1_w
C76: S2 gewählt (B) | D76: =Szen2_w1 | E76: =Szen2_w2 | F76: =Szen2_wP
C77: Alternative A: verflüssigen | D77: 28.119538 | E77: 24.79449 | F77: 8.1141015
C78: Alternative C: durchverdichten | D78: 31.751301 | E78: 49.419634 | F78: 0

Sheet Kühlung
B1: Kühlung – Zwischenkühler 40 °C, Kühler vor der Pumpe 26 °C, Zwischendruck 55 bar
B2: Besprechung K. Vosbeck 15.10.2026, Pkt. 2 · Rechnung: Einspeicherung/Begleitstoffe_CO2/Prozesskette/05_kuehlung_begruendung.py · reines CO₂ und Worst-Case-Gemisch nebeneinander
B3: ← zur Übersicht
B4: ZWEI KÜHLER – ZWEI ZWECKE: Der Zwischenkühler (zwischen den Verdichterstufen, 55 bar) soll die Verdichterarbeit senken und die zweite Stufe unter 95 °C halten. Der Kühler vor der Pumpe (91 bar) soll das CO₂ so dicht wie möglich machen, damit die Pumpe einphasig und mit wenig Förderhöhe arbeitet. Deshalb zwei verschiedene Temperaturen. ZWISCHENKÜHLER 40 °C: Q-017 S. 37 (Tab. 3): „Soll-Kühltemperatur CO₂ 40 °C“, S. 61 (Siemens-Konzept, Eingangstemperatur 40 °C); Q-063 Kap. 5.1 (PDF-S. 22): CO₂ „no more than about 40 °C“, Kühlung „between and after compressor stages“. Kälter ist nicht besser: der Realgasfaktor sinkt (Tabelle 3) – bei 26 °C wäre Z beim reinen CO₂ 0,63 und damit unter 0,65 (Siemens). KÜHLER VOR DER PUMPE 26 °C: Kühlwasser 20 °C + 6 K (Q-120 Folie 24: CO₂ „seldom lower than 6 deg. C warmer than the air or water“). Q-120 Folie 32: für Pumpen auf 27–32 °C oder kälter kühlen, über 38 °C steigt die Förderhöhe stark. Bei 91 bar liegt die pseudokritische Linie (cp-Maximum, steilster Dichteabfall) beim Gemisch bei 32,8 °C, beim reinen CO₂ bei 40,5 °C (Tabelle 1) – 26 °C liegt sicher auf der dichten Seite. ZWISCHENDRUCK 55 bar: höchster runder Druck, bei dem am Eintritt Stufe 2 (40 °C) Z ≥ 0,7 (Q-017 S. 44) für beide Gasqualitäten gilt; beide Stufen bleiben dann unter 95 °C (Tabelle 2). MIT HERSTELLERN ABSTIMMEN (Messe Hamburg 20.–22.10.2026): Kühlwassertemperatur am Standort, erreichbare Grädigkeit, Z-Grenze der Laufradauslegung, Pumpenwirkungsgrad und Mindest-Saugdichte.
B6: 1) Dichte und Wärmekapazität bei 91 bar (Druck des Kühlers vor der Pumpe)
B7: T [°C] | C7: ρ rein [kg/m³] | D7: cp rein [kJ/(kg·K)] | E7: ρ Gemisch [kg/m³] | F7: cp Gemisch [kJ/(kg·K)]
B8: 10 | C8: 913.03975 | D8: 2.3954881 | E8: 837.81476 | F8: 2.6758407
B9: 11 | C9: 906.89906 | D9: 2.4204225 | E9: 830.15819 | F9: 2.7244325
B10: 12 | C10: 900.62977 | D10: 2.4470302 | E10: 822.25234 | F10: 2.7776822
B11: 13 | C11: 894.22335 | D11: 2.4755026 | E11: 814.07347 | F11: 2.8362241
B12: 14 | C12: 887.6703 | D12: 2.5060618 | E12: 805.59454 | F12: 2.9007945
B13: 15 | C13: 880.96005 | D13: 2.538965 | E13: 796.78462 | F13: 2.9722614
B14: 16 | C14: 874.08072 | D14: 2.5745095 | E14: 787.60812 | F14: 3.0516728
B15: 17 | C15: 867.01896 | D15: 2.6130386 | E15: 778.02387 | F15: 3.1403325
B16: 18 | C16: 859.75969 | D16: 2.654948 | E16: 767.98363 | F16: 3.2399169
B17: 19 | C17: 852.28583 | D17: 2.7006935 | E17: 757.43018 | F17: 3.3526514
B18: 20 | C18: 844.57798 | D18: 2.7508014 | E18: 746.29432 | F18: 3.4815633
B19: 21 | C19: 836.61401 | D19: 2.8058812 | E19: 734.49067 | F19: 3.6308295
... B48: 50 | C48: 293.16097 | D48: 3.8812279 | E48: 252.03251 | F48: 2.7015141
B49: Kennwert | C49: rein | E49: Gemisch
B50: pseudokritisch (cp-Max.) [°C] | C50: 40.5 | E50: 32.8
B51: ρ = 500 kg/m³ bei T [°C] | C51: 40.231549 | E51: 32.049765
B52: Fett: 26 °C (Kühler vor der Pumpe) und 40 °C (Zwischenkühler). Graue Werte: CoolProp, gerechnet in 05_kuehlung_begruendung.py.
B54: 2) Wahl des Zwischendrucks (Zwischenkühler 40 °C, Stufe 1 ab 30 bar / 15 °C, Stufe 2 bis 91 bar)
C55: reines CO₂ | H55: Worst-Case-Gemisch
B56: p_zw [bar] | C56: T Stufe 1 aus [°C] | D56: T Stufe 2 aus [°C] | E56: Z Eintritt Stufe 2 | F56: w Verdichter [kJ/kg] | H56: T Stufe 1 aus [°C] | I56: T Stufe 2 aus [°C] | J56: Z Eintritt Stufe 2 | K56: w Verdichter [kJ/kg] | M56: beide Stufen ≤ T_max? | N56: Z ≥ 0,7 (rein und Gemisch)?
B57: 45 | C57: 48.071179 | D57: 103.74032 | E57: 0.77825363 | F57: 64.902498 | H57: 48.386986 | I57: 104.38389 | J57: 0.79656389 | K57: 67.90234 | M57: =IF(MAX(C57:D57,H57:I57)<=T_maxV,"✔ ja","✘ nein") | N57: =IF(MIN(E57,J57)>=Z_lit,"✔ ja","✘ nein")
B58: 50 | C58: 57.10272 | D58: 93.414852 | E58: 0.74756944 | F58: 62.756562 | H58: 57.499984 | I58: 94.005279 | J58: 0.76957371 | K58: 65.823678 | M58: =IF(MAX(C58:D58,H58:I58)<=T_maxV,"✔ ja","✘ nein") | N58: =IF(MIN(E58,J58)>=Z_lit,"✔ ja","✘ nein")
B59: 55 | C59: 65.427615 | D59: 84.142709 | E59: 0.71481144 | F59: 61.316191 | H59: 65.899089 | I59: 84.713427 | J59: 0.74124743 | K59: 64.45601 | M59: =IF(MAX(C59:D59,H59:I59)<=T_maxV,"✔ ja","✘ nein") | N59: =IF(MIN(E59,J59)>=Z_lit,"✔ ja","✘ nein")
B60: 60 | C60: 73.155392 | D60: 75.748058 | E60: 0.67946731 | F60: 60.460437 | H60: 73.69577 | I60: 76.330109 | J60: 0.71136843 | K60: 63.674712 | M60: =IF(MAX(C60:D60,H60:I60)<=T_maxV,"✔ ja","✘ nein") | N60: =IF(MIN(E60,J60)>=Z_lit,"✔ ja","✘ nein")
B62: Literaturrichtwert Z (Q-017 S. 37 / S. 44): | E62: 0.7 | F62: – darf zum Vergleich geändert werden (Hersteller: 0,65)
B63: Gewählt 55 bar (fett): höchster runder Druck, der beide Prüfungen besteht. Mit 50 bar läge Stufe 2 bei 93–94 °C (knapp unter 95 °C), mit 60 bar wäre Z beim reinen CO₂ unter 0,7.
B65: 3) Temperatur nach dem Zwischenkühler (Zwischendruck 55 bar)
C66: reines CO₂ | H66: Worst-Case-Gemisch
B67: T_ZK [°C] | C67: Z Eintritt Stufe 2 | D67: T Stufe 2 aus [°C] | E67: w Verdichter [kJ/kg] | F67: q Zwischenkühler [kJ/kg] | H67: Z Eintritt Stufe 2 | I67: T Stufe 2 aus [°C] | J67: w Verdichter [kJ/kg] | K67: q Zwischenkühler [kJ/kg] | M67: Z > Z_min (0,65)? | N67: Z ≥ 0,7?
B68: 20 | C68: 0.57427492 | D68: 58.857774 | E68: 54.57624 | F68: 78.618299 | H68: 0.63246323 | I68: 60.543161 | J68: 58.657087 | K68: 71.367547 | M68: =IF(MIN(C68,H68)>Z_min,"✔ ja","✘ nein") | N68: =IF(MIN(C68,H68)>=Z_lit,"✔ ja","✘ nein")
B69: 26 | C69: 0.63233981 | D69: 67.103832 | E69: 57.103436 | F69: 62.595805 | H69: 0.67380298 | I69: 68.111687 | J69: 60.661946 | K69: 58.912804 | M69: =IF(MIN(C69,H69)>Z_min,"✔ ja","✘ nein") | N69: =IF(MIN(C69,H69)>=Z_lit,"✔ ja","✘ nein")
B70: 30 | C70: 0.66082293 | D70: 72.157429 | E70: 58.459114 | F70: 54.112918 | H70: 0.69623463 | I70: 72.962263 | J70: 61.840601 | K70: 51.619086 | M70: =IF(MIN(C70,H70)>Z_min,"✔ ja","✘ nein") | N70: =IF(MIN(C70,H70)>=Z_lit,"✔ ja","✘ nein")
B71: 35 | C71: 0.6901789 | D71: 78.233296 | E71: 59.959395 | F71: 44.756595 | H71: 0.72037303 | I71: 78.89034 | J71: 63.19659 | K71: 43.225813 | M71: =IF(MIN(C71,H71)>Z_min,"✔ ja","✘ nein") | N71: =IF(MIN(C71,H71)>=Z_lit,"✔ ja","✘ nein")
B72: 40 | C72: 0.71481144 | D72: 84.142709 | E72: 61.316191 | F72: 36.291982 | H72: 0.74124743 | I72: 84.713427 | J72: 64.45601 | K72: 35.410349 | M72: =IF(MIN(C72,H72)>Z_min,"✔ ja","✘ nein") | N72: =IF(MIN(C72,H72)>=Z_lit,"✔ ja","✘ nein")
B73: 45 | C73: 0.73603599 | D73: 89.942148 | E73: 62.571506 | F73: 28.437094 | H73: 0.75959703 | I73: 90.461087 | J73: 65.641796 | K73: 28.021348 | M73: =IF(MIN(C73,H73)>Z_min,"✔ ja","✘ nein") | N73: =IF(MIN(C73,H73)>=Z_lit,"✔ ja","✘ nein")
B74: Tiefer kühlen spart Arbeit, senkt aber Z: unter ca. 35 °C (rein) bzw. 30 °C (Gemisch) fällt Z unter 0,7, bei 20–26 °C unter 0,65. 40 °C ist der Quellenwert (Q-017, Q-063) und hält beide Grenzen mit Abstand ein.
B76: 4) Kühlwasser wärmer oder kälter: Wirkung auf Pumpeneintritt und Zieldruck im Betrieb (S2, 100.000 Nm³/h) | P76: Hilfswerte Diagramm
C77: reines CO₂ | H77: Worst-Case-Gemisch | P77: 20 | Q77: =Z_min
B78: T_KW [°C] | C78: T_K = T_KW + 6 K [°C] | D78: ρ Pumpeneintritt [kg/m³] | E78: Zieldruck Kopf [bar] | F78: w Pumpe [kJ/kg] | H78: ρ Pumpeneintritt [kg/m³] | I78: Zieldruck Kopf [bar] | J78: T Kopf [°C] | K78: w Pumpe [kJ/kg] | P78: 45 | Q78: =Z_min
B79: 15 | C79: 21 | D79: 836.61401 | E79: 110.0965 | F79: 2.8377251 | H79: 734.49067 | I79: 120.395 | J79: 26.25829 | K79: 4.9286091 | P79: 20 | Q79: =Z_lit
B80: 20 | C80: 26 | D80: 791.91673 | E80: 114.63416 | F80: 3.6974259 | H80: 660.42105 | I80: 127.2718 | J80: 34.406495 | K80: 6.6742332 | P80: 45 | Q80: =Z_lit
B81: 25 | C81: 31 | D81: 734.48527 | E81: 120.22048 | F81: 4.8956987 | H81: 535.37583 | I81: 138.35917 | J81: 46.938925 | K81: 10.353382
B82: Wärmeres Kühlwasser macht das CO₂ an der Pumpe dünner und die Säule im Bohrloch leichter: beim Gemisch steigt der nötige Kopfdruck von 120,4 bar (15 °C) auf 138,4 bar (25 °C), die Pumpenarbeit verdoppelt sich. Die Kühlwassertemperatur am Standort ist deshalb eine Auslegungsgröße – mit Hersteller/Standort klären.

Sheet Massenströme
B1: Massenströme – ein Massenstrom, viele Volumenströme
B2: Besprechung K. Vosbeck 15.10.2026, Pkt. 4 · Rechnung: Einspeicherung/Begleitstoffe_CO2/Prozesskette/06_massenstrom_volumenstroeme.py
B3: ← zur Übersicht
B4: GRUNDSATZ: Die Volumenströme der verschiedenen Phasen dürfen nicht gleichgesetzt werden – verknüpft wird über einen Massenstrom, der entlang der ganzen Kette gleich bleibt (keine Abzweigung, kein Speicher). RECHENWEG: ṁ = V_n · ρ_n / 3600 mit dem Normvolumenstrom V_n (0 °C, 1,01325 bar, DIN 1343). An jedem Zustandspunkt ist der tatsächliche Volumenstrom V̇ = ṁ / ρ(p, T) · 3600 in m³/h. FOLGE: Bei gleichem ṁ fördert Verdichter 1 rund 10-mal so viel Volumen wie die Pumpe (2.941 gegenüber 293 m³/h bei 100.000 Nm³/h). Maschinen und Rohre werden am Zustand ausgelegt, nicht am Normvolumenstrom (Nm³/h ≠ m³/h).
B6: 1) Massenstrom aus dem Normvolumenstrom
B7: Größe | C7: unterer Fall | D7: oberer Fall | E7: Einheit
B8: Normvolumenstrom V_n | C8: =V_min | D8: =V_max | E8: Nm³/h
B9: Normdichte ρ_n (CoolProp, DIN 1343) | C9: =rho_n | D9: =rho_n | E9: kg/m³
B10: Massenstrom ṁ = V_n · ρ_n / 3600 | C10: =Szen1_mmin | D10: =Szen1_mmax | E10: kg/s
B11: Massenstrom | C11: =C10*3.6 | D11: =D10*3.6 | E11: t/h
B12: Massenstrom | C12: =C10*86.4 | D12: =D10*86.4 | E12: t/d
B15: 2) Volumenströme an den Zustandspunkten – Worst-Case-Gemisch (diese Mappe; ṁ aus Tabelle 1)
B16: Zustandspunkt | C16: p [bar] | D16: T [°C] | E16: ρ [kg/m³] | F16: Phase | G16: V̇ bei 50.000 Nm³/h [m³/h] | H16: V̇ bei 100.000 Nm³/h [m³/h] | I16: Vielfaches des Pumpeneintritts
B17: S2 – gasförmige Anlieferung
B18: Netzübergabe S2 = Verdichter 1 ein | C18: 30 | D18: 15 | E18: 65.761928 | F18: gasförmig | G18: =$C$10/E18*3600 | H18: =$D$10/E18*3600 | I18: =H18/$H$22
B19: Verdichter 1 aus | C19: 55 | D19: 65.899089 | E19: 102.75644 | F19: gasförmig | G19: =$C$10/E19*3600 | H19: =$D$10/E19*3600 | I19: =H19/$H$22
B20: Zwischenkühler aus = Verdichter 2 ein | C20: 55 | D20: 40 | E20: 122.76791 | F20: gasförmig | G20: =$C$10/E20*3600 | H20: =$D$10/E20*3600 | I20: =H20/$H$22
B21: Verdichter 2 aus | C21: 91 | D21: 84.713427 | E21: 175.05614 | F21: gasförmig | G21: =$C$10/E21*3600 | H21: =$D$10/E21*3600 | I21: =H21/$H$22
B22: Kühler aus = Pumpe ein | C22: 91 | D22: 26 | E22: 660.42105 | F22: dicht (flüssig) | G22: =$C$10/E22*3600 | H22: =$D$10/E22*3600 | I22: =H22/$H$22
B23: Pumpe aus = Bohrlochkopf | C23: 127.2718 | D23: 34.406495 | E23: 691.97463 | F23: dicht (flüssig) | G23: =$C$10/E23*3600 | H23: =$D$10/E23*3600 | I23: =H23/$H$22
B24: LCCS (Kaverne voll) | C24: 210 | D24: 48.115197 | E24: 744.04801 | F24: dicht (flüssig) | G24: =$C$10/E24*3600 | H24: =$D$10/E24*3600 | I24: =H24/$H$22
B25: S1 – dichte Anlieferung
B26: Netzübergabe S1 | C26: 91 | D26: 15 | E26: 796.78462 | F26: dicht (flüssig) | G26: =$C$10/E26*3600 | H26: =$D$10/E26*3600 | I26: =H26/$H$22
B27: Pumpe aus = Bohrlochkopf | C27: 114.2738 | D27: 18.305735 | E27: 807.33708 | F27: dicht (flüssig) | G27: =$C$10/E27*3600 | H27: =$D$10/E27*3600 | I27: =H27/$H$22
B28: LCCS (Kaverne voll) | C28: 210 | D28: 28.789554 | E28: 846.41705 | F28: dicht (flüssig) | G28: =$C$10/E28*3600 | H28: =$D$10/E28*3600 | I28: =H28/$H$22
B31: 3) Zum Vergleich: reines CO₂ (eigener Massenstrom, da andere Normdichte)
B32: Zustandspunkt | C32: p [bar] | D32: T [°C] | E32: ρ [kg/m³] | F32: Phase | G32: V̇ bei 50.000 Nm³/h [m³/h] | H32: V̇ bei 100.000 Nm³/h [m³/h] | I32: Vielfaches des Pumpeneintritts | K32: ṁ unten [kg/s] | L32: ṁ oben [kg/s]
B33: S2 – gasförmige Anlieferung | K33: 27.455733 | L33: 54.911465
B34: Netzübergabe S2 = Verdichter 1 ein | C34: 30 | D34: 15 | E34: 68.444351 | F34: gasförmig | G34: =$K$33/E34*3600 | H34: =$L$33/E34*3600 | I34: =H34/$H$38
B35: Verdichter 1 aus | C35: 55 | D35: 65.427615 | E35: 107.40888 | F35: überkritisch (gasähnlich) | G35: =$K$33/E35*3600 | H35: =$L$33/E35*3600 | I35: =H35/$H$38
B36: Zwischenkühler aus = Verdichter 2 ein | C36: 55 | D36: 40 | E36: 130.05634 | F36: überkritisch (gasähnlich) | G36: =$K$33/E36*3600 | H36: =$L$33/E36*3600 | I36: =H36/$H$38
B37: Verdichter 2 aus | C37: 91 | D37: 84.142709 | E37: 186.0123 | F37: überkritisch | G37: =$K$33/E37*3600 | H37: =$L$33/E37*3600 | I37: =H37/$H$38
B38: Kühler aus = Pumpe ein | C38: 91 | D38: 26 | E38: 791.91673 | F38: dicht (überkritisch) | G38: =$K$33/E38*3600 | H38: =$L$33/E38*3600 | I38: =H38/$H$38
B39: Pumpe aus = Bohrlochkopf | C39: 114.63416 | D39: 29.589764 | E39: 803.64153 | F39: dicht (überkritisch) | G39: =$K$33/E39*3600 | H39: =$L$33/E39*3600 | I39: =H39/$H$38
B40: LCCS (Kaverne voll) | C40: 210 | D40: 40.718353 | E40: 845.15671 | F40: überkritisch | G40: =$K$33/E40*3600 | H40: =$L$33/E40*3600 | I40: =H40/$H$38
B41: S1 – dichte Anlieferung
B42: Netzübergabe S1 | C42: 91 | D42: 15 | E42: 880.96005 | F42: dicht (überkritisch) | G42: =$K$33/E42*3600 | H42: =$L$33/E42*3600 | I42: =H42/$H$38
B43: Pumpe aus = Bohrlochkopf | C43: 105.4411 | D43: 16.571862 | E43: 885.38971 | F43: dicht (überkritisch) | G43: =$K$33/E43*3600 | H43: =$L$33/E43*3600 | I43: =H43/$H$38
B44: LCCS (Kaverne voll) | C44: 210 | D44: 25.574241 | E44: 917.9393 | F44: dicht (überkritisch) | G44: =$K$33/E44*3600 | H44: =$L$33/E44*3600 | I44: =H44/$H$38
B45: Graue Zustandswerte aus 06_massenstrom_volumenstroeme.py (Betrieb bei 100.000 Nm³/h: Kopfdruck und LCCS-Temperatur aus der strömenden Säule). V̇ und Vielfaches rechnen live mit dem Massenstrom.
B48: Hilfswerte Diagramm (V̇ bei 100.000 Nm³/h) | C48: Worst-Case-Gemisch | D48: reines CO₂
B49: S2: Netzübergabe S2 = Verdichter 1 ein | C49: =H18 | D49: =H34
B50: S2: Verdichter 1 aus | C50: =H19 | D50: =H35
B51: S2: Zwischenkühler aus = Verdichter 2 ein | C51: =H20 | D51: =H36
B52: S2: Verdichter 2 aus | C52: =H21 | D52: =H37
B53: S2: Kühler aus = Pumpe ein | C53: =H22 | D53: =H38
B54: S2: Pumpe aus = Bohrlochkopf | C54: =H23 | D54: =H39
B55: S2: LCCS (Kaverne voll) | C55: =H24 | D55: =H40
B56: S1: Netzübergabe S1 | C56: =H26 | D56: =H42
B57: S1: Pumpe aus = Bohrlochkopf | C57: =H27 | D57: =H43
B58: S1: LCCS (Kaverne voll) | C58: =H28 | D58: =H44

Sheet Phasendiagramm
B1: Phasendiagramm – Prozesspfade der Einspeicherung und Betriebsfenster von Bohrloch und Kaverne (Worst-Case-Gemisch)
B2: Worst-Case-Gemisch (95 % CO₂ + 5 % Begleitstoffe) · Stoffdaten CoolProp (GERG-2008-Mischungsregel) · Fest-Gebiet, Sublimations- und Schmelzlinie: Näherung reines CO₂ (Span & Wagner 1996)
B3: ← zur Übersicht
B4: Diagramm 1 – Einspeicherung: von der Netzübergabe bis zum Bohrlochkopf
B36: DIAGRAMM 1: Farbflächen = Phasengebiete des Gemischs, rot = Zweiphasengebiet (reines CO₂ hat nur eine Linie, grau zum Vergleich). Rot gestrichelt = ±3 bar Unsicherheit der Phasengrenze. Grün = S1 (Pumpe). Blau = S2 (2 Verdichterstufen bis 91 bar mit Zwischenkühler 40 °C, Kühler bei 91 bar auf 26 °C, Pumpe) – der Kühler liegt über der Cricondenbar und kreuzt kein Zweiphasengebiet. Violett gestrichelt = Vergleich Durchverdichten (2 Stufen bis 127,3 bar). Orange gepunktet = Dichte 500 kg/m³: rechts davon ist das Gemisch zu dünn für eine Pumpe. ENDPUNKT: Die Pfade enden am Bohrlochkopf im Betrieb (100.000 Nm³/h): S1 bei 114,3 bar, S2 und Durchverdichten bei 127,3 bar – das wärmere CO₂ aus der S2-Pumpe (34,4 °C) macht die Säule leichter. Im Stillstand wären es 114,9 bar. Diagramm 2 zeigt Bohrloch und Kaverne – nur im Stillstand.
B39: Diagramm 2 – Bohrloch und Kaverne im Stillstand: Betriebsfenster (nur Stillstand, 3 Füllstände nach Q-028)
B40: NUR STILLSTAND: Die Gassäulen gelten für ruhendes CO₂ mit Gebirgstemperatur und für die drei Füllstände nach Q-028 (Buzogany & Kruck 2022, Fig. 3: voll, Grenzfall, leer). Was Injektion und Ausspeicherung für das Fenster bedeuten (Reibungsdruckverlust im Strang, Wärmeaustausch mit dem Gebirge, Erwärmung bzw. Abkühlung in der Kaverne, Drosselung beim Ausspeichern), ist hier NICHT dargestellt.
B72: DIAGRAMM 2: Jede gestrichelte Linie ist eine Gassäule – ein Füllstand der Kaverne im Stillstand. Sie läuft vom Bohrlochkopf (grauer Balken, 0 m, 10 °C) bis zur Kaverne (dunkelblauer Balken, 1200 m, 46 °C). Jeder Punkt auf der Linie ist eine Teufe: oben kalt und niedriger Druck, unten warm und hoher Druck. BETRIEBSFENSTER IM STILLSTAND: Der Bereich zwischen der Linie „voll“ (oben) und der Linie „leer“ (unten), links begrenzt durch den Kopf-Balken und rechts durch den Kavernen-Balken. WICHTIG BEI LEERER KAVERNE: 70 bar unten ergeben oben 50,7 bar (reines CO₂: 45,0 bar). Das obere Bohrloch (0–82 m) liegt dann im Zweiphasengebiet des Gemischs. Erst ab ca. 171,2 bar Kavernendruck (Grenzfall: Kopf = Cricondenbar 82,2 bar) bleibt das ganze Bohrloch einphasig. KAVERNE SELBST: Bei 46 °C liegt sie immer über der Cricondentherm des Gemischs (28,1 °C) – dort gibt es keine Flüssigphase. Über 81,5 bar ist das Gemisch überkritisch, bei 70 bar gasförmig. STILLSTAND VS. BETRIEB: Die Gassäulen sind mit Gebirgstemperatur gerechnet (Kopf 10 °C) und gelten nur, solange nichts fließt. Beim Einspeichern kommt das Gemisch wärmer aus der Pumpe (S1 18,3 °C, S2 34,4 °C) – Zieldrücke im Betrieb: Blatt „Kaverne & Gassäule“ unten; Kopfdruckfenster über den ganzen Zyklus: Kaverne-Mappe.

Sheet Annahmen & Begründung
B1: Annahmen & Begründung – woher jede Zahl kommt
B2: Stand 15.10.2026 (nach der Besprechung mit K. Vosbeck) · Worst-Case-Gemisch · gleiche Annahmen wie im Python-Code (Einspeicherung/Begleitstoffe_CO2/Grundlagen/einspeicherung_bausteine.py, Kaverne/Grundlagen/kaverne_bausteine.py)
B3: ← zur Übersicht
B4: SO IST DIE TABELLE AUFGEBAUT: Jede Annahme mit Wert, Quelle (ID wie in der Quellen- und Wissensmatrix, Blatt „Quellen“) und Fundstelle (Seite S., Folie, Tabelle oder Kapitel) – damit jede Zahl nachgelesen werden kann. „Begründung“ sagt, was in der Quelle steht und warum der Wert so gewählt ist. „Code“ nennt die Konstante im Python-Code mit demselben Wert. WERTE: weiß = verknüpft mit der Übersicht (ändert sich mit), grau = fester Wert im Code. Geändert wird nur auf der Übersicht. STATUS: ✔ belegt = steht so in der Quelle · ◐ abgeleitet = aus Quellen hergeleitet · ○ eigene Annahme · ? = noch zu klären (Quelle offen bzw. mit Hersteller bestätigen, Messe Hamburg 20.–22.10.2026).
B6: Nr. | C6: Größe | D6: Symbol | E6: Wert | F6: Einheit | G6: Quelle | H6: Fundstelle | I6: Inhalt der Quelle / Begründung | J6: Code | K6: Status
B7: A Anlieferung (Netzübergabe)
B8: 1 | C8: Übergabedruck S1 (dicht) | D8: p_S1 | E8: =p_S1 | F8: bar | G8: OGE | H8: Notizen 16.09.2026, Pkt. 6 | I8: mind. 91 bar (vorher 85 bar), Worst Case mit Begleitstoffen. Beim Gemisch 8,8 bar über der Cricondenbar (82,2 bar) → dichte, einphasige Übergabe. | J8: eb.p_S1 | K8: ✔ belegt
B9: 2 | C9: Übergabetemperatur S1 | D9: T_S1 | E9: =T_S1 | F9: °C | G9: eigene Annahme | H9: – | I9: Medientemperatur der erdverlegten Fernleitung (nicht Gebirgstemperatur) – mit OGE abzustimmen. | J9: eb.T_S1 | K9: ○ eigene Annahme
B10: 3 | C10: Übergabedruck S2 (gasförmig) | D10: p_S2 | E10: =p_S2 | F10: bar | G10: Vorarbeit | H10: – | I10: aus der eigenen Vorarbeit; alte Annahmentabelle nennt ISO 27913 (Q-040) – dort noch nicht ausgewertet. | J10: eb.p_S2 | K10: ? Quelle offen
B11: 4 | C11: Übergabetemperatur S2 | D11: T_S2 | E11: =T_S2 | F11: °C | G11: eigene Annahme | H11: – | I11: Medientemperatur wie S1. | J11: eb.T_S2 | K11: ○ eigene Annahme
B12: B Verdichtung S2 (2 Stufen 30 → 55 → 91 bar)
B13: 5 | C13: Zwischendruck | D13: p_zw | E13: =p_zw | F13: bar | G13: eigene Herleitung (Q-017, Q-016) | H13: Blatt „Kühlung“, Tabelle 2 | I13: höchster runder Zwischendruck, bei dem am Eintritt Stufe 2 (40 °C) Z ≥ 0,7 für reines CO₂ UND Gemisch gilt (rein 0,715, Gemisch 0,741). Beide Stufen bleiben dann unter 95 °C (Stufe 2: rein 84,1 °C, Gemisch 84,7 °C). Mit 50 bar läge Stufe 2 bei 93–94 °C, mit 60 bar wäre Z beim reinen CO₂ < 0,7. | J13: eb.P_ZW | K13: ◐ abgeleitet
B14: 6 | C14: Druck nach Verdichtung = Kühldruck = Pumpeneintritt | D14: p_ük | E14: =p_uek | F14: bar | G14: eigene Festlegung | H14: Blatt „Gemisch & Grenzen“ | I14: über der Cricondenbar des Gemischs (82,2 bar) + 3 bar Unsicherheit bzw. über p_krit (73,8 bar): der Kühler kreuzt kein Zweiphasengebiet. = Übergabedruck S1 → eine Pumpenbauart für S1 und S2. | J14: eb.P_UEK | K14: ◐ abgeleitet
B15: 7 | C15: Höchste Austrittstemperatur je Stufe | D15: T_max | E15: =T_maxV | F15: °C | G15: Q-016 | H15: S. 4, Kap. 2.3 (dort Lit. [24]) | I15: „… might not be higher than the assumed value of 95 °C“ – legt die Zahl der Stufen fest. | J15: eb.T_MAX_STUFE | K15: ✔ belegt
B16: 8 | C16: Isentroper Wirkungsgrad Stufe 1 | D16: η_V1 | E16: =eta_V1 | F16: – | G16: Q-016 | H16: S. 4, Kap. 2.3 | I16: „efficiency of compressors … for the first stage is 84 %“ | J16: eb.eta_V1 | K16: ✔ belegt
B17: 9 | C17: Isentroper Wirkungsgrad Stufe 2 | D17: η_V2 | E17: =eta_V2 | F17: – | G17: Q-016 | H17: S. 4, Kap. 2.3 | I17: „… for subsequent stages, it is successively reduced by 2 %“ → 82 % | J17: eb.eta_V2 | K17: ✔ belegt
B18: 10 | C18: Realgasfaktor am Stufeneintritt mindestens (Hersteller) | D18: Z_min | E18: =Z_min | F18: – | G18: Siemens Energy | H18: E-Mail-Auskunft 08/2026 | I18: „Damit die Berechnung der Laufräder in unseren Berechnungsprogrammen zuverlässig ausgeführt wird, bleiben wir bei einem Z-Wert von > 0,65.“ Gilt nur für Verdichter, nicht für die Pumpe. | J18: eb.Z_MIN | K18: ✔ persönliche Mitteilung
B19: 11 | C19: Realgasfaktor Literaturrichtwert | D19: Z | E19: 0.7 | F19: – | G19: Q-017 | H19: S. 37 (Tab. 3: Z_min 0,7); S. 44 | I19: „Als Grenzwert des Z-Faktors wird durch verschiedenste Hersteller 0,7 angegeben.“ Bei kleinerem Z steigen die Grenzschichtverluste (S. 44). Grundlage für den Zwischendruck. | J19: eb.Z_Q017 | K19: ✔ belegt
B20: C Kühlung – zwei Kühler, zwei Zwecke
B21: 12 | C21: CO₂ nach dem Zwischenkühler | D21: T_ZK | E21: =T_ZK | F21: °C | G21: Q-017; Q-063 | H21: Q-017 S. 37 (Tab. 3), S. 61; Q-063 Kap. 5.1 (PDF-S. 22) | I21: Q-017: „Soll-Kühltemperatur CO₂ 40 °C“ (Auslegung Kingsnorth), S. 61 Siemens-Konzept „Eingangstemperatur 40 °C“. Q-063: CO₂ „no more than about 40 °C. Cooling is therefore required between and after compressor stages“. Zweck: Verdichterarbeit senken, Stufe 2 < 95 °C. Kälter ist nicht besser: Z sinkt (Q-017 S. 44) – bei 26 °C wäre Z = 0,63 (rein) < 0,65. | J21: eb.T_ZK | K21: ✔ belegt
B22: 13 | C22: nicht übernommen: Kühlung auf 20 °C | D22: – | E22: 20 | F22: °C | G22: Q-016 | H22: S. 9 und S. 14 | I22: Die 20 °C dienen in Q-016 der Wasserabscheidung vor der TEG-Trocknung (nasses CO₂ direkt aus der Abscheidung) – das CO₂ aus dem Netz ist bereits trocken. Deshalb nicht übertragbar. | J22: – | K22: – nicht übertragbar
B23: 14 | C23: Kühlwasser (Auslegung) | D23: T_KW | E23: =T_KW | F23: °C | G23: eigene Annahme | H23: – | I23: Standortwert, mit Hersteller/Standort zu bestätigen (Messe Hamburg 20.–22.10.2026). Wirkung von 15 und 25 °C: Blatt „Kühlung“, Tabelle 4. | J23: eb.T_KW | K23: ? bestätigen
B24: 15 | C24: Temperaturabstand Kühler (Grädigkeit) | D24: ΔT | E24: 6 | F24: K | G24: Q-120 | H24: Folie 24 | I24: „Final CO₂ temperature is seldom lower than 6 deg. C (11 deg F) warmer than the air or water.“ | J24: eb.DT_KUEHLER | K24: ✔ belegt
B25: 16 | C25: CO₂ nach dem Kühler vor der Pumpe | D25: T_K | E25: =T_K | F25: °C | G25: Q-120; Q-121 | H25: Q-120 Folie 32; Q-121 S. 2–3 | I25: T_K = T_KW + ΔT = 26 °C. Q-120: für Pumpen „cool to 80 to 90 °F (27 to 32 °C) if at all practical to maximize density“, über 38 °C deutlich mehr Förderhöhe. Q-121: Wirkungsgrad sinkt mit steigender Saugtemperatur. 26 °C liegt unter der pseudokritischen Linie bei 91 bar (Gemisch 32,8 °C, rein 40,5 °C). | J25: eb.T_K | K25: ✔ belegt
B26: D Pumpe
B27: 17 | C27: Isentroper Wirkungsgrad Pumpe | D27: η_P | E27: =eta | F27: – | G27: eigene Annahme | H27: Q-016 S. 4 (nur Glykolpumpe 70 %) | I27: keine Quelle für CO₂-Pumpen – Herstellerwert einholen (Messe Hamburg 20.–22.10.2026). | J27: eb.eta_P | K27: ? Hersteller fragen
B28: 18 | C28: Mindestdichte am Pumpeneintritt | D28: ρ_min | E28: =rho_min | F28: kg/m³ | G28: Q-121; Q-001 | H28: Q-121 S. 2; Q-001 Kap. 5.2 | I28: „The value of the minimum operating density, between 500 and 400 kg/m³, depends on rotor-dynamics of the pump“ → 500 kg/m³ (oberer, sicherer Wert). | J28: eb.RHO_MIN | K28: ✔ belegt
B29: E Durchsatz
B30: 19 | C30: Normvolumenstrom unterer / oberer Fall | D30: V_n | E30: 50.000 / 100.000 | F30: Nm³/h | G30: Abstimmung M. Wall (Uniper) | H30: – | I30: Bandbreite der Anlage. Zieldruck der Pumpe wird bei 100.000 Nm³/h ausgelegt (höchste Reibung). | J30: eb.V_NORM_MIN / V_NORM_MAX | K30: ✔ abgestimmt
B31: 20 | C31: Normzustand | D31: p_n, T_n | E31: 1,01325 bar / 0 °C | F31: – | G31: DIN 1343 | H31: – | I31: Normdichte aus CoolProp: Gemisch 1,934 kg/m³, rein 1,977 kg/m³ → gleicher Normvolumenstrom ergibt beim Gemisch 2 % weniger Masse. | J31: stoff.rho_norm() | K31: ✔ belegt
B32: F Kaverne und Bohrloch
B33: 21 | C33: Teufe LCCS (Referenzkaverne) | D33: z | E33: =z_V1 | F33: m | G33: Q-030 | H33: Tab. 1, Option 2 | I33: Uniper-Bestandskaverne; mit M. Wall abgestimmt. | J33: eb.TEUFE | K33: ✔ belegt
B34: 22 | C34: Flache Kaverne | D34: – | E34: entfällt | F34: – | G34: Q-030 | H34: S. 17 (Kap. 1.2.1.2) | I34: DBI verwirft die flache Option selbst: „almost immediate phase transition into liquid in the cavern, respectively, at the wellhead“. Festgelegt in der Besprechung mit K. Vosbeck (15.10.2026). | J34: kb.KAVERNEN = (TIEF,) | K34: ✔ belegt
B35: 23 | C35: Gebirgstemperatur Oberfläche / Gradient | D35: T₀ / grad T | E35: 10 °C / 0,03 K/m | F35: – | G35: Q-028 | H35: Kap. 3 (S. 5), Fig. 3 | I35: „surface temperature of 10 °C (50 °F) and a temperature gradient of 0.03 K/m“ | J35: eb.T_OBERFLAECHE, eb.GRADIENT | K35: ✔ belegt
B36: 24 | C36: Maximaldruck an der LCCS | D36: p_max | E36: =pmax_V1 | F36: bar | G36: M. Wall; Q-028; Q-030 | H36: Q-028 Tab. 1 (200 bar); Q-030 Tab. 1 (240 bar) | I36: Zwischenwert der beiden Quellen, Vorgabe M. Wall (Uniper). | J36: eb.P_MAX_LCCS | K36: ✔ abgestimmt
B37: 25 | C37: Minimaldruck an der LCCS | D37: p_min | E37: =pmin_V1 | F37: bar | G37: Q-028 | H37: Tab. 1 | I37: geomechanisches Minimum. | J37: eb.P_MIN_LCCS | K37: ✔ belegt
B38: 26 | C38: Förderstrang (Innendurchmesser) | D38: D_i | E38: 198.8 | F38: mm | G38: Q-030 | H38: Tab. 1; Kap. 1.2.1 (S. 12) | I38: 8 5/8" 36# J55 im 11 ¾"-LCCS („possible tubing sizes 8 5/8” and 5 ½”“). | J38: kb.D_STRANG | K38: ✔ belegt
B39: 27 | C39: Rohrreibungszahl (Darcy) | D39: f | E39: 0.016 | F39: – | G39: Q-003 | H39: Kap. 6.2 | I39: 0,015–0,017 für neues Stahlrohr – Mittelwert. | J39: kb.F_DARCY | K39: ✔ belegt
B40: 28 | C40: Strömung im Strang beim Einspeisen | D40: – | E40: adiabat | F40: – | G40: Besprechung K. Vosbeck 15.10.2026 | H40: – | I40: schnelle Förderung, kein Wärmeaustausch mit dem Gebirge: h + g·z = konst., Kopftemperatur = Pumpenaustritt. Grenze: homogen, einphasig – genauer nur mit Mehrphasen-Bohrlochmodell (Q-028 S. 11). | J40: kb.strang() | K40: ◐ Modellannahme
B41: 29 | C41: Stillstandsdauer zwischen den Phasen | D41: t_still | E41: 21.67 | F41: d | G41: Q-028 | H41: S. 10 (Kap. 4) | I41: Betriebsszenario der Simulation in Q-028: „Standstill phase (21.67 d)“ nach Aus- und nach Einspeisen. Gleiche Begründung wie in der Quelle; an dieser Simulation ist auch der Wärmeübergang UA kalibriert. Vergleich „kontinuierlich (0 d)“ in der Kaverne-Mappe. | J41: kb.T_STILLSTAND | K41: ✔ belegt
B42: G Stoffdaten
B43: 30 | C43: Unsicherheit der Phasengrenze | D43: U_PG | E43: 3 | F43: bar | G43: Dokumentation Stoffmodelle | H43: Kap. 9 | I43: Modellstreuung 1 bar + Modellfehler 1–3 % (Vergleich GERG-2008, Peng-Robinson, SRK in thermopack). | J43: eb.U_PG | K43: ◐ abgeleitet
B44: 31 | C44: Zustandsgleichungen | D44: – | E44: Span & Wagner / GERG-2008 | F44: – | G44: Span & Wagner 1996; Kunz & Wagner 2012; Gernert & Span 2016 | H44: – | I44: über CoolProp 8.0.0 (Bell et al. 2014); Gemisch mit Mehrfluid-Helmholtz-Modell. | J44: gemisch_worstcase.py | K44: ✔ belegt
B46: Seitenzahlen = gedruckte Seitenzahl der Quelle (bei Q-063 PDF-Seite). Wörtliche Zitate in „…“; ohne Anführungszeichen sinngemäß. Herleitungen mit Zahlen: Blätter „Kühlung“ und „Massenströme“.

Sheet Quellen
B1: Quellen
B2: Herkunft der Annahmen und Stoffdaten dieser Mappe (IDs wie in der Quellen- und Wissensmatrix). Fundstellen je Annahme: Blatt „Annahmen & Begründung“.
B3: ← zur Übersicht
B4: ID | C4: Quelle | D4: Verwendet für
B5: Q-001 | C5: DVGW (2024): C 260 (A) – Properties of Carbon Dioxide and Carbon Dioxide Streams. Entwurf. | D5: Kritischer Punkt, Stoffeigenschaften CO₂
B6: Q-016 | C6: Bielka, P.; Kuczyński, S.; Nagy, S.: CO₂ Compression and Dehydration for Transport and Geological Storage. | D6: Wirkungsgrade Verdichter 84 % (Stufe 1) / 82 % (Stufe 2) und höchstens 95 °C je Stufe (S. 4, Kap. 2.3). Nicht übernommen: Kühlung auf 20 °C (S. 9, S. 14) – dient dort der Wasserabscheidung vor der TEG-Trocknung; Glykolpumpe 70 % (S. 4) nicht auf die CO₂-Pumpe übertragbar.
B7: Q-028 | C7: Buzogany, R.; Kruck, O. (2022): CO₂ – Storage in Salt Caverns: Thermodynamic Analysis and Challenges. SMRI Fall 2022. | D7: Oberflächentemperatur 10 °C, Gradient 0,03 K/m (Kap. 3, S. 5), Minimaldruck 70 bar (Tab. 1), Darstellung Gassäule (Fig. 3), Stillstand 21,67 d (S. 10), Grenze des homogenen Bohrlochmodells (S. 11)
B8: Q-029 | C8: DBI für Uniper: CCUS-P2 – CO₂-Storage for CCU/S, Phase 2 – Detailing Study, Final Report V08. | D8: Offener Punkt: gewählte Option 1 ist die tiefe Kaverne (1400 m, 260 bar)
B9: Q-030 | C9: DBI für Uniper: CCUS-P1 – CO₂-Storage for CCU/S, Phase 1 – Initial Concept Study, Final Report. | D9: Tab. 1: Teufe 1200 m (Option 2), Anhalt für p_max (240 bar), Förderstrang 8 5/8" (Kap. 1.2.1); S. 17: flache Option verworfen (fast sofort Flüssigphase) → keine Kaverne V2
B10: Q-038 | C10: Baumgärtel, L.; Körner, F.; Leuger, B.; Zapf, D. (2023): Energiespeicherung in Salzkavernen. Poster, Tag der Energieforschung, LU Hannover. | D10: Zu prüfen: alte Annahmentabelle leitet daraus p_max ≈ 85 % des lithostatischen Drucks ab – in der Matrix nur Geometriedaten erfasst
B11: Q-040 | C11: DIN EN ISO 27913: Abscheidung, Transport und geologische Speicherung von CO₂ – Rohrleitungstransportsysteme (dt. Fassung 2025). | D11: Zu prüfen: alte Annahmentabelle nennt Q-040 für die gasförmige Anlieferung mit 30 bar – Norm in der Matrix noch nicht ausgewertet
B12: OGE | C12: Gesprächsnotiz Austausch OGE / Uniper, 16.09.2026 (Notizen S. Maxara). | D12: Übergabedruck S1 mind. 91 bar; Durchsatz-Bandbreite (mit M. Wall)
B13: — | C13: Span, R.; Wagner, W. (1996): A New Equation of State for Carbon Dioxide Covering the Fluid Region from the Triple-Point Temperature to 1100 K at Pressures up to 800 MPa. J. Phys. Chem. Ref. Data 25(6), 1509–1596. | D13: Zustandsgleichung CO₂ (über CoolProp); Sublimations- und Schmelzdruck
B14: — | C14: Bell, I. H.; Wronski, J.; Quoilin, S.; Lemort, V. (2014): Pure and Pseudo-pure Fluid Thermophysical Property Evaluation and the Open-Source Thermophysical Property Library CoolProp. Ind. Eng. Chem. Res. 53(6), 2498–2508. | D14: Stoffdatenbibliothek CoolProp, Version 8.0.0
B15: Vorarbeit | C15: Python-Skripte der eigenen Vorarbeit (ObertageAnlageRechner: gaspfad_vergleich.py, pfadentscheidung.py). | D15: Nur noch der Übergabedruck S2 (30 bar) stammt aus der Vorarbeit – Quelle zu prüfen. Frühere Annahmen (Verflüssigung, Kühlung auf 20 °C) sind ersetzt.
... B27: Vosbeck | C27: Besprechung mit Katrin Vosbeck (Uniper, Kavernen), 15.10.2026 (Notizen S. Maxara, Journal). | D27: nur tiefe Kaverne; Förderstrang adiabat; Zieldruck im Betrieb (Regelung über den Kopfdruck); zwei Kühler mit verschiedenem Zweck; Volumenströme über einen Massenstrom verknüpfen

Sheet Diagrammdaten
B1: Diagrammdaten – Hilfstabellen (nicht ändern)
B2: Grundlage für das Phasendiagramm. Farbflächen: gestapelte Druckbereiche je Temperatur (Gemisch: gasförmig bis Taulinie, zweiphasig bis Blasenlinie, darüber flüssig; oberhalb des kritischen Punkts des Gemischs überkritisch; fest als Näherung reines CO₂). Linien: Punkte mit T, p und Position im Diagramm.
B3: ← zur Übersicht
B4: T_min [°C] | C4: -80 | D4: Position im Diagramm = (T − T_min) / Schritt + 1 (die Farbflächen haben eine Kategorie je 0,5 K)
B5: Schritt [K] | C5: 0.5
B6: T_min Zoom S1/S2 [°C] | C6: -20 | E6: T_min Zoom Alternativen [°C] | F6: -60 | M6: #NV in M/N = Punkt liegt links vom Zoom-Ausschnitt (gewollt: Excel lässt ihn im Diagramm aus) | P6: reines CO₂ (Blatt „Gemisch & Grenzen“):
B7: T [°C] | C7: Achsenbeschriftung | D7: gasförmig [bar] | E7: flüssig [bar] | F7: überkritisch [bar] | G7: fest [bar] | H7: zweiphasig [bar] | I7: Linie / Punkt | J7: T [°C] | K7: p [bar] | L7: Position | M7: Position Zoom S1/S2 | N7: Position Zoom Alternativen | P7: gasförmig [bar] | Q7: flüssig [bar] | R7: überkritisch [bar]
B8: -80 | C8: =IF(MOD(B8,20)=0,TEXT(B8,"0"),"") | D8: 0.89241568 | E8: 0 | F8: 0 | G8: 249.10758 | H8: 0 | I8: Phasengrenze Gemisch (Tau-/Blasenlinie) | J8: -56.558 | K8: 5.4780051 | L8: =(J8-Diagramm_Tmin)/Diagramm_dT+1 | M8: =IF(J8="","",IF(J8<Zoom_Tmin,NA(),(J8-Zoom_Tmin)/Diagramm_dT+1)) | N8: =IF(J8="","",IF(J8<Zoom2_Tmin,NA(),(J8-Zoom2_Tmin)/Diagramm_dT+1)) | P8: 0.89241568 | Q8: 0 | R8: 0
B9: -79.5 | C9: =IF(MOD(B9,20)=0,TEXT(B9,"0"),"") | D9: 0.93029797 | E9: 0 | F9: 0 | G9: 249.0697 | H9: 0 | J9: -53.501973 | K9: 6.2465284 | L9: =(J9-Diagramm_Tmin)/Diagramm_dT+1 | M9: =IF(J9="","",IF(J9<Zoom_Tmin,NA(),(J9-Zoom_Tmin)/Diagramm_dT+1)) | N9: =IF(J9="","",IF(J9<Zoom2_Tmin,NA(),(J9-Zoom2_Tmin)/Diagramm_dT+1)) | P9: 0.93029797 | Q9: 0 | R9: 0
B10: -79 | C10: =IF(MOD(B10,20)=0,TEXT(B10,"0"),"") | D10: 0.96958837 | E10: 0 | F10: 0 | G10: 249.03041 | H10: 0 | J10: -50.445947 | K10: 7.0940267 | L10: =(J10-Diagramm_Tmin)/Diagramm_dT+1 | M10: =IF(J10="","",IF(J10<Zoom_Tmin,NA(),(J10-Zoom_Tmin)/Diagramm_dT+1)) | N10: =IF(J10="","",IF(J10<Zoom2_Tmin,NA(),(J10-Zoom2_Tmin)/Diagramm_dT+1)) | P10: 0.96958837 | Q10: 0 | R10: 0
B11: -78.5 | C11: =IF(MOD(B11,20)=0,TEXT(B11,"0"),"") | D11: 1.0103319 | E11: 0 | F11: 0 | G11: 248.98967 | H11: 0 | J11: -47.38992 | K11: 8.0255579 | L11: =(J11-Diagramm_Tmin)/Diagramm_dT+1 | M11: =IF(J11="","",IF(J11<Zoom_Tmin,NA(),(J11-Zoom_Tmin)/Diagramm_dT+1)) | N11: =IF(J11="","",IF(J11<Zoom2_Tmin,NA(),(J11-Zoom2_Tmin)/Diagramm_dT+1)) | P11: 1.0103319 | Q11: 0 | R11: 0
B12: -78 | C12: =IF(MOD(B12,20)=0,TEXT(B12,"0"),"") | D12: 1.0525749 | E12: 0 | F12: 0 | G12: 248.94743 | H12: 0 | J12: -44.333893 | K12: 9.046305 | L12: =(J12-Diagramm_Tmin)/Diagramm_dT+1 | M12: =IF(J12="","",IF(J12<Zoom_Tmin,NA(),(J12-Zoom_Tmin)/Diagramm_dT+1)) | N12: =IF(J12="","",IF(J12<Zoom2_Tmin,NA(),(J12-Zoom2_Tmin)/Diagramm_dT+1)) | P12: 1.0525749 | Q12: 0 | R12: 0
B13: -77.5 | C13: =IF(MOD(B13,20)=0,TEXT(B13,"0"),"") | D13: 1.0963649 | E13: 0 | F13: 0 | G13: 248.90364 | H13: 0 | J13: -41.277866 | K13: 10.16158 | L13: =(J13-Diagramm_Tmin)/Diagramm_dT+1 | M13: =IF(J13="","",IF(J13<Zoom_Tmin,NA(),(J13-Zoom_Tmin)/Diagramm_dT+1)) | N13: =IF(J13="","",IF(J13<Zoom2_Tmin,NA(),(J13-Zoom2_Tmin)/Diagramm_dT+1)) | P13: 1.0963649 | Q13: 0 | R13: 0
B14: -77 | C14: =IF(MOD(B14,20)=0,TEXT(B14,"0"),"") | D14: 1.1417507 | E14: 0 | F14: 0 | G14: 248.85825 | H14: 0 | J14: -38.22184 | K14: 11.376832 | L14: =(J14-Diagramm_Tmin)/Diagramm_dT+1 | M14: =IF(J14="","",IF(J14<Zoom_Tmin,NA(),(J14-Zoom_Tmin)/Diagramm_dT+1)) | N14: =IF(J14="","",IF(J14<Zoom2_Tmin,NA(),(J14-Zoom2_Tmin)/Diagramm_dT+1)) | P14: 1.1417507 | Q14: 0 | R14: 0
B15: -76.5 | C15: =IF(MOD(B15,20)=0,TEXT(B15,"0"),"") | D15: 1.1887825 | E15: 0 | F15: 0 | G15: 248.81122 | H15: 0 | J15: -35.165813 | K15: 12.697656 | L15: =(J15-Diagramm_Tmin)/Diagramm_dT+1 | M15: =IF(J15="","",IF(J15<Zoom_Tmin,NA(),(J15-Zoom_Tmin)/Diagramm_dT+1)) | N15: =IF(J15="","",IF(J15<Zoom2_Tmin,NA(),(J15-Zoom2_Tmin)/Diagramm_dT+1)) | P15: 1.1887825 | Q15: 0 | R15: 0
B16: -76 | C16: =IF(MOD(B16,20)=0,TEXT(B16,"0"),"") | D16: 1.2375117 | E16: 0 | F16: 0 | G16: 248.76249 | H16: 0 | J16: -32.109786 | K16: 14.129805 | L16: =(J16-Diagramm_Tmin)/Diagramm_dT+1 | M16: =IF(J16="","",IF(J16<Zoom_Tmin,NA(),(J16-Zoom_Tmin)/Diagramm_dT+1)) | N16: =IF(J16="","",IF(J16<Zoom2_Tmin,NA(),(J16-Zoom2_Tmin)/Diagramm_dT+1)) | P16: 1.2375117 | Q16: 0 | R16: 0
B17: -75.5 | C17: =IF(MOD(B17,20)=0,TEXT(B17,"0"),"") | D17: 1.2879913 | E17: 0 | F17: 0 | G17: 248.71201 | H17: 0 | J17: -29.05376 | K17: 15.679235 | L17: =(J17-Diagramm_Tmin)/Diagramm_dT+1 | M17: =IF(J17="","",IF(J17<Zoom_Tmin,NA(),(J17-Zoom_Tmin)/Diagramm_dT+1)) | N17: =IF(J17="","",IF(J17<Zoom2_Tmin,NA(),(J17-Zoom2_Tmin)/Diagramm_dT+1)) | P17: 1.2879913 | Q17: 0 | R17: 0
B18: -75 | C18: =IF(MOD(B18,20)=0,TEXT(B18,"0"),"") | D18: 1.3402755 | E18: 0 | F18: 0 | G18: 248.65972 | H18: 0 | J18: -25.997733 | K18: 17.352407 | L18: =(J18-Diagramm_Tmin)/Diagramm_dT+1 | M18: =IF(J18="","",IF(J18<Zoom_Tmin,NA(),(J18-Zoom_Tmin)/Diagramm_dT+1)) | N18: =IF(J18="","",IF(J18<Zoom2_Tmin,NA(),(J18-Zoom2_Tmin)/Diagramm_dT+1)) | P18: 1.3402755 | Q18: 0 | R18: 0
B19: -74.5 | C19: =IF(MOD(B19,20)=0,TEXT(B19,"0"),"") | D19: 1.3944201 | E19: 0 | F19: 0 | G19: 248.60558 | H19: 0 | J19: -22.941706 | K19: 19.155354 | L19: =(J19-Diagramm_Tmin)/Diagramm_dT+1 | M19: =IF(J19="","",IF(J19<Zoom_Tmin,NA(),(J19-Zoom_Tmin)/Diagramm_dT+1)) | N19: =IF(J19="","",IF(J19<Zoom2_Tmin,NA(),(J19-Zoom2_Tmin)/Diagramm_dT+1)) | P19: 1.3944201 | Q19: 0 | R19: 0
B20: -74 | C20: =IF(MOD(B20,20)=0,TEXT(B20,"0"),"") | D20: 1.4504823 | E20: 0 | F20: 0 | G20: 248.54952 | H20: 0 | J20: -19.885679 | K20: 21.0947 | L20: =(J20-Diagramm_Tmin)/Diagramm_dT+1 | M20: =IF(J20="","",IF(J20<Zoom_Tmin,NA(),(J20-Zoom_Tmin)/Diagramm_dT+1)) | N20: =IF(J20="","",IF(J20<Zoom2_Tmin,NA(),(J20-Zoom2_Tmin)/Diagramm_dT+1)) | P20: 1.4504823 | Q20: 0 | R20: 0
... B77: -45.5 | C77: =IF(MOD(B77,20)=0,TEXT(B77,"0"),"") | D77: 8.6457793 | E77: 203.17265 | F77: 0 | G77: 0 | H77: 38.181574 | J77: -56.558 | K77: 51.249179 | L77: =(J77-Diagramm_Tmin)/Diagramm_dT+1 | M77: =IF(J77="","",IF(J77<Zoom_Tmin,NA(),(J77-Zoom_Tmin)/Diagramm_dT+1)) | N77: =IF(J77="","",IF(J77<Zoom2_Tmin,NA(),(J77-Zoom2_Tmin)/Diagramm_dT+1)) | P77: 8.158789 | Q77: 241.84121 | R77: 0
B78: -45 | C78: =IF(MOD(B78,20)=0,TEXT(B78,"0"),"") | D78: 8.8157704 | E78: 203.27988 | F78: 0 | G78: 0 | H78: 37.904345 | M78: =IF(J78="","",IF(J78<Zoom_Tmin,NA(),(J78-Zoom_Tmin)/Diagramm_dT+1)) | N78: =IF(J78="","",IF(J78<Zoom2_Tmin,NA(),(J78-Zoom2_Tmin)/Diagramm_dT+1)) | P78: 8.3183661 | Q78: 241.68163 | R78: 0
B79: -44.5 | C79: =IF(MOD(B79,20)=0,TEXT(B79,"0"),"") | D79: 8.9882611 | E79: 203.38011 | F79: 0 | G79: 0 | H79: 37.631624 | I79: Sublimationslinie | J79: -80 | K79: 0.8924 | L79: =(J79-Diagramm_Tmin)/Diagramm_dT+1 | M79: =IF(J79="","",IF(J79<Zoom_Tmin,NA(),(J79-Zoom_Tmin)/Diagramm_dT+1)) | N79: =IF(J79="","",IF(J79<Zoom2_Tmin,NA(),(J79-Zoom2_Tmin)/Diagramm_dT+1)) | P79: 8.4802592 | Q79: 241.51974 | R79: 0
B80: -44 | C80: =IF(MOD(B80,20)=0,TEXT(B80,"0"),"") | D80: 9.1632748 | E80: 203.47344 | F80: 0 | G80: 0 | H80: 37.36329 | J80: -79.0232 | K80: 0.9677 | L80: =(J80-Diagramm_Tmin)/Diagramm_dT+1 | M80: =IF(J80="","",IF(J80<Zoom_Tmin,NA(),(J80-Zoom_Tmin)/Diagramm_dT+1)) | N80: =IF(J80="","",IF(J80<Zoom2_Tmin,NA(),(J80-Zoom2_Tmin)/Diagramm_dT+1)) | P80: 8.6444889 | Q80: 241.35551 | R80: 0
B81: -43.5 | C81: =IF(MOD(B81,20)=0,TEXT(B81,"0"),"") | D81: 9.3408352 | E81: 203.55994 | F81: 0 | G81: 0 | H81: 37.099224 | J81: -78.0465 | K81: 1.0486 | L81: =(J81-Diagramm_Tmin)/Diagramm_dT+1 | M81: =IF(J81="","",IF(J81<Zoom_Tmin,NA(),(J81-Zoom_Tmin)/Diagramm_dT+1)) | N81: =IF(J81="","",IF(J81<Zoom2_Tmin,NA(),(J81-Zoom2_Tmin)/Diagramm_dT+1)) | P81: 8.8110762 | Q81: 241.18892 | R81: 0
B82: -43 | C82: =IF(MOD(B82,20)=0,TEXT(B82,"0"),"") | D82: 9.5209659 | E82: 203.63972 | F82: 0 | G82: 0 | H82: 36.839312 | J82: -77.0697 | K82: 1.1353 | L82: =(J82-Diagramm_Tmin)/Diagramm_dT+1 | M82: =IF(J82="","",IF(J82<Zoom_Tmin,NA(),(J82-Zoom_Tmin)/Diagramm_dT+1)) | N82: =IF(J82="","",IF(J82<Zoom2_Tmin,NA(),(J82-Zoom2_Tmin)/Diagramm_dT+1)) | P82: 8.9800419 | Q82: 241.01996 | R82: 0
B83: -42.5 | C83: =IF(MOD(B83,20)=0,TEXT(B83,"0"),"") | D83: 9.7036908 | E83: 203.71287 | F83: 0 | G83: 0 | H83: 36.583442 | J83: -76.093 | K83: 1.2283 | L83: =(J83-Diagramm_Tmin)/Diagramm_dT+1 | M83: =IF(J83="","",IF(J83<Zoom_Tmin,NA(),(J83-Zoom_Tmin)/Diagramm_dT+1)) | N83: =IF(J83="","",IF(J83<Zoom2_Tmin,NA(),(J83-Zoom2_Tmin)/Diagramm_dT+1)) | P83: 9.1514068 | Q83: 240.84859 | R83: 0
B84: -42 | C84: =IF(MOD(B84,20)=0,TEXT(B84,"0"),"") | D84: 9.8890338 | E84: 203.77946 | F84: 0 | G84: 0 | H84: 36.331507 | J84: -75.1162 | K84: 1.328 | L84: =(J84-Diagramm_Tmin)/Diagramm_dT+1 | M84: =IF(J84="","",IF(J84<Zoom_Tmin,NA(),(J84-Zoom_Tmin)/Diagramm_dT+1)) | N84: =IF(J84="","",IF(J84<Zoom2_Tmin,NA(),(J84-Zoom2_Tmin)/Diagramm_dT+1)) | P84: 9.3251921 | Q84: 240.67481 | R84: 0
B85: -41.5 | C85: =IF(MOD(B85,20)=0,TEXT(B85,"0"),"") | D85: 10.077019 | E85: 203.83958 | F85: 0 | G85: 0 | H85: 36.083399 | J85: -74.1395 | K85: 1.4346 | L85: =(J85-Diagramm_Tmin)/Diagramm_dT+1 | M85: =IF(J85="","",IF(J85<Zoom_Tmin,NA(),(J85-Zoom_Tmin)/Diagramm_dT+1)) | N85: =IF(J85="","",IF(J85<Zoom2_Tmin,NA(),(J85-Zoom2_Tmin)/Diagramm_dT+1)) | P85: 9.5014187 | Q85: 240.49858 | R85: 0
B86: -41 | C86: =IF(MOD(B86,20)=0,TEXT(B86,"0"),"") | D86: 10.26767 | E86: 203.89331 | F86: 0 | G86: 0 | H86: 35.839018 | J86: -73.1627 | K86: 1.5488 | L86: =(J86-Diagramm_Tmin)/Diagramm_dT+1 | M86: =IF(J86="","",IF(J86<Zoom_Tmin,NA(),(J86-Zoom_Tmin)/Diagramm_dT+1)) | N86: =IF(J86="","",IF(J86<Zoom2_Tmin,NA(),(J86-Zoom2_Tmin)/Diagramm_dT+1)) | P86: 9.6801076 | Q86: 240.31989 | R86: 0
B87: -40.5 | C87: =IF(MOD(B87,20)=0,TEXT(B87,"0"),"") | D87: 10.461011 | E87: 203.94073 | F87: 0 | G87: 0 | H87: 35.598263 | J87: -72.186 | K87: 1.6709 | L87: =(J87-Diagramm_Tmin)/Diagramm_dT+1 | M87: =IF(J87="","",IF(J87<Zoom_Tmin,NA(),(J87-Zoom_Tmin)/Diagramm_dT+1)) | N87: =IF(J87="","",IF(J87<Zoom2_Tmin,NA(),(J87-Zoom2_Tmin)/Diagramm_dT+1)) | P87: 9.8612801 | Q87: 240.13872 | R87: 0
B88: -40 | C88: =IF(MOD(B88,20)=0,TEXT(B88,"0"),"") | D88: 10.657067 | E88: 203.9819 | F88: 0 | G88: 0 | H88: 35.361037 | J88: -71.2092 | K88: 1.8014 | L88: =(J88-Diagramm_Tmin)/Diagramm_dT+1 | M88: =IF(J88="","",IF(J88<Zoom_Tmin,NA(),(J88-Zoom_Tmin)/Diagramm_dT+1)) | N88: =IF(J88="","",IF(J88<Zoom2_Tmin,NA(),(J88-Zoom2_Tmin)/Diagramm_dT+1)) | P88: 10.044957 | Q88: 239.95504 | R88: 0
B89: -39.5 | C89: =IF(MOD(B89,20)=0,TEXT(B89,"0"),"") | D89: 10.855863 | E89: 204.01689 | F89: 0 | G89: 0 | H89: 35.127245 | J89: -70.2325 | K89: 1.9408 | L89: =(J89-Diagramm_Tmin)/Diagramm_dT+1 | M89: =IF(J89="","",IF(J89<Zoom_Tmin,NA(),(J89-Zoom_Tmin)/Diagramm_dT+1)) | N89: =IF(J89="","",IF(J89<Zoom2_Tmin,NA(),(J89-Zoom2_Tmin)/Diagramm_dT+1)) | P89: 10.23116 | Q89: 239.76884 | R89: 0
B90: -39 | C90: =IF(MOD(B90,20)=0,TEXT(B90,"0"),"") | D90: 11.057421 | E90: 204.04578 | F90: 0 | G90: 0 | H90: 34.896797 | J90: -69.2557 | K90: 2.0897 | L90: =(J90-Diagramm_Tmin)/Diagramm_dT+1 | M90: =IF(J90="","",IF(J90<Zoom_Tmin,NA(),(J90-Zoom_Tmin)/Diagramm_dT+1)) | N90: =IF(J90="","",IF(J90<Zoom2_Tmin,NA(),(J90-Zoom2_Tmin)/Diagramm_dT+1)) | P90: 10.419911 | Q90: 239.58009 | R90: 0
B91: -38.5 | C91: =IF(MOD(B91,20)=0,TEXT(B91,"0"),"") | D91: 11.261768 | E91: 204.06863 | F91: 0 | G91: 0 | H91: 34.669601 | J91: -68.279 | K91: 2.2485 | L91: =(J91-Diagramm_Tmin)/Diagramm_dT+1 | M91: =IF(J91="","",IF(J91<Zoom_Tmin,NA(),(J91-Zoom_Tmin)/Diagramm_dT+1)) | N91: =IF(J91="","",IF(J91<Zoom2_Tmin,NA(),(J91-Zoom2_Tmin)/Diagramm_dT+1)) | P91: 10.61123 | Q91: 239.38877 | R91: 0
... B103: -32.5 | C103: =IF(MOD(B103,20)=0,TEXT(B103,"0"),"") | D103: 13.940533 | E103: 203.89231 | F103: 0 | G103: 0 | H103: 32.167156 | J103: -56.558 | K103: 5.1796 | L103: =(J103-Diagramm_Tmin)/Diagramm_dT+1 | M103: =IF(J103="","",IF(J103<Zoom_Tmin,NA(),(J103-Zoom_Tmin)/Diagramm_dT+1)) | N103: =IF(J103="","",IF(J103<Zoom2_Tmin,NA(),(J103-Zoom2_Tmin)/Diagramm_dT+1)) | P103: 13.115259 | Q103: 236.88474 | R103: 0
B104: -32 | C104: =IF(MOD(B104,20)=0,TEXT(B104,"0"),"") | D104: 14.183352 | E104: 203.84158 | F104: 0 | G104: 0 | H104: 31.975072 | M104: =IF(J104="","",IF(J104<Zoom_Tmin,NA(),(J104-Zoom_Tmin)/Diagramm_dT+1)) | N104: =IF(J104="","",IF(J104<Zoom2_Tmin,NA(),(J104-Zoom2_Tmin)/Diagramm_dT+1)) | P104: 13.341939 | Q104: 236.65806 | R104: 0
B105: -31.5 | C105: =IF(MOD(B105,20)=0,TEXT(B105,"0"),"") | D105: 14.429454 | E105: 203.7855 | F105: 0 | G105: 0 | H105: 31.785049 | I105: Schmelzlinie | J105: -56.558 | K105: 5.1796 | L105: =(J105-Diagramm_Tmin)/Diagramm_dT+1 | M105: =IF(J105="","",IF(J105<Zoom_Tmin,NA(),(J105-Zoom_Tmin)/Diagramm_dT+1)) | N105: =IF(J105="","",IF(J105<Zoom2_Tmin,NA(),(J105-Zoom2_Tmin)/Diagramm_dT+1)) | P105: 13.571493 | Q105: 236.42851 | R105: 0
B106: -31 | C106: =IF(MOD(B106,20)=0,TEXT(B106,"0"),"") | D106: 14.678659 | E106: 203.72411 | F106: 0 | G106: 0 | H106: 31.597231 | J106: -56.1931 | K106: 22.274 | L106: =(J106-Diagramm_Tmin)/Diagramm_dT+1 | M106: =IF(J106="","",IF(J106<Zoom_Tmin,NA(),(J106-Zoom_Tmin)/Diagramm_dT+1)) | N106: =IF(J106="","",IF(J106<Zoom2_Tmin,NA(),(J106-Zoom2_Tmin)/Diagramm_dT+1)) | P106: 13.803942 | Q106: 236.19606 | R106: 0
B107: -30.5 | C107: =IF(MOD(B107,20)=0,TEXT(B107,"0"),"") | D107: 14.931063 | E107: 203.65745 | F107: 0 | G107: 0 | H107: 31.411485 | J107: -55.8282 | K107: 39.4288 | L107: =(J107-Diagramm_Tmin)/Diagramm_dT+1 | M107: =IF(J107="","",IF(J107<Zoom_Tmin,NA(),(J107-Zoom_Tmin)/Diagramm_dT+1)) | N107: =IF(J107="","",IF(J107<Zoom2_Tmin,NA(),(J107-Zoom2_Tmin)/Diagramm_dT+1)) | P107: 14.039309 | Q107: 235.96069 | R107: 0
B108: -30 | C108: =IF(MOD(B108,20)=0,TEXT(B108,"0"),"") | D108: 15.186693 | E108: 203.58556 | F108: 0 | G108: 0 | H108: 31.227751 | J108: -55.4633 | K108: 56.644 | L108: =(J108-Diagramm_Tmin)/Diagramm_dT+1 | M108: =IF(J108="","",IF(J108<Zoom_Tmin,NA(),(J108-Zoom_Tmin)/Diagramm_dT+1)) | N108: =IF(J108="","",IF(J108<Zoom2_Tmin,NA(),(J108-Zoom2_Tmin)/Diagramm_dT+1)) | P108: 14.277617 | Q108: 235.72238 | R108: 0
B109: -29.5 | C109: =IF(MOD(B109,20)=0,TEXT(B109,"0"),"") | D109: 15.445575 | E109: 203.50846 | F109: 0 | G109: 0 | H109: 31.045969 | J109: -55.0984 | K109: 73.9197 | L109: =(J109-Diagramm_Tmin)/Diagramm_dT+1 | M109: =IF(J109="","",IF(J109<Zoom_Tmin,NA(),(J109-Zoom_Tmin)/Diagramm_dT+1)) | N109: =IF(J109="","",IF(J109<Zoom2_Tmin,NA(),(J109-Zoom2_Tmin)/Diagramm_dT+1)) | P109: 14.518887 | Q109: 235.48111 | R109: 0
B110: -29 | C110: =IF(MOD(B110,20)=0,TEXT(B110,"0"),"") | D110: 15.707736 | E110: 203.42618 | F110: 0 | G110: 0 | H110: 30.86608 | J110: -54.7336 | K110: 91.2557 | L110: =(J110-Diagramm_Tmin)/Diagramm_dT+1 | M110: =IF(J110="","",IF(J110<Zoom_Tmin,NA(),(J110-Zoom_Tmin)/Diagramm_dT+1)) | N110: =IF(J110="","",IF(J110<Zoom2_Tmin,NA(),(J110-Zoom2_Tmin)/Diagramm_dT+1)) | P110: 14.763143 | Q110: 235.23686 | R110: 0
B111: -28.5 | C111: =IF(MOD(B111,20)=0,TEXT(B111,"0"),"") | D111: 15.973204 | E111: 203.33877 | F111: 0 | G111: 0 | H111: 30.688025 | J111: -54.3687 | K111: 108.6523 | L111: =(J111-Diagramm_Tmin)/Diagramm_dT+1 | M111: =IF(J111="","",IF(J111<Zoom_Tmin,NA(),(J111-Zoom_Tmin)/Diagramm_dT+1)) | N111: =IF(J111="","",IF(J111<Zoom2_Tmin,NA(),(J111-Zoom2_Tmin)/Diagramm_dT+1)) | P111: 15.010407 | Q111: 234.98959 | R111: 0
B112: -28 | C112: =IF(MOD(B112,20)=0,TEXT(B112,"0"),"") | D112: 16.242006 | E112: 203.24625 | F112: 0 | G112: 0 | H112: 30.511748 | J112: -54.0038 | K112: 126.1092 | L112: =(J112-Diagramm_Tmin)/Diagramm_dT+1 | M112: =IF(J112="","",IF(J112<Zoom_Tmin,NA(),(J112-Zoom_Tmin)/Diagramm_dT+1)) | N112: =IF(J112="","",IF(J112<Zoom2_Tmin,NA(),(J112-Zoom2_Tmin)/Diagramm_dT+1)) | P112: 15.260701 | Q112: 234.7393 | R112: 0
B113: -27.5 | C113: =IF(MOD(B113,20)=0,TEXT(B113,"0"),"") | D113: 16.514171 | E113: 203.14864 | F113: 0 | G113: 0 | H113: 30.337192 | J113: -53.6389 | K113: 143.6266 | L113: =(J113-Diagramm_Tmin)/Diagramm_dT+1 | M113: =IF(J113="","",IF(J113<Zoom_Tmin,NA(),(J113-Zoom_Tmin)/Diagramm_dT+1)) | N113: =IF(J113="","",IF(J113<Zoom2_Tmin,NA(),(J113-Zoom2_Tmin)/Diagramm_dT+1)) | P113: 15.514049 | Q113: 234.48595 | R113: 0
B114: -27 | C114: =IF(MOD(B114,20)=0,TEXT(B114,"0"),"") | D114: 16.789724 | E114: 203.04597 | F114: 0 | G114: 0 | H114: 30.164303 | J114: -53.274 | K114: 161.2044 | L114: =(J114-Diagramm_Tmin)/Diagramm_dT+1 | M114: =IF(J114="","",IF(J114<Zoom_Tmin,NA(),(J114-Zoom_Tmin)/Diagramm_dT+1)) | N114: =IF(J114="","",IF(J114<Zoom2_Tmin,NA(),(J114-Zoom2_Tmin)/Diagramm_dT+1)) | P114: 15.770472 | Q114: 234.22953 | R114: 0
B115: -26.5 | C115: =IF(MOD(B115,20)=0,TEXT(B115,"0"),"") | D115: 17.068696 | E115: 202.93828 | F115: 0 | G115: 0 | H115: 29.993025 | J115: -52.9091 | K115: 178.8427 | L115: =(J115-Diagramm_Tmin)/Diagramm_dT+1 | M115: =IF(J115="","",IF(J115<Zoom_Tmin,NA(),(J115-Zoom_Tmin)/Diagramm_dT+1)) | N115: =IF(J115="","",IF(J115<Zoom2_Tmin,NA(),(J115-Zoom2_Tmin)/Diagramm_dT+1)) | P115: 16.029994 | Q115: 233.97001 | R115: 0
B116: -26 | C116: =IF(MOD(B116,20)=0,TEXT(B116,"0"),"") | D116: 17.351113 | E116: 202.82558 | F116: 0 | G116: 0 | H116: 29.823309 | J116: -52.5442 | K116: 196.5413 | L116: =(J116-Diagramm_Tmin)/Diagramm_dT+1 | M116: =IF(J116="","",IF(J116<Zoom_Tmin,NA(),(J116-Zoom_Tmin)/Diagramm_dT+1)) | N116: =IF(J116="","",IF(J116<Zoom2_Tmin,NA(),(J116-Zoom2_Tmin)/Diagramm_dT+1)) | P116: 16.292637 | Q116: 233.70736 | R116: 0
B117: -25.5 | C117: =IF(MOD(B117,20)=0,TEXT(B117,"0"),"") | D117: 17.637003 | E117: 202.7079 | F117: 0 | G117: 0 | H117: 29.655097 | J117: -52.1793 | K117: 214.3005 | L117: =(J117-Diagramm_Tmin)/Diagramm_dT+1 | M117: =IF(J117="","",IF(J117<Zoom_Tmin,NA(),(J117-Zoom_Tmin)/Diagramm_dT+1)) | N117: =IF(J117="","",IF(J117<Zoom2_Tmin,NA(),(J117-Zoom2_Tmin)/Diagramm_dT+1)) | P117: 16.558426 | Q117: 233.44157 | R117: 0
... B119: -24.5 | C119: =IF(MOD(B119,20)=0,TEXT(B119,"0"),"") | D119: 18.219321 | E119: 202.4577 | F119: 0 | G119: 0 | H119: 29.322983 | J119: -51.4496 | K119: 250 | L119: =(J119-Diagramm_Tmin)/Diagramm_dT+1 | M119: =IF(J119="","",IF(J119<Zoom_Tmin,NA(),(J119-Zoom_Tmin)/Diagramm_dT+1)) | N119: =IF(J119="","",IF(J119<Zoom2_Tmin,NA(),(J119-Zoom2_Tmin)/Diagramm_dT+1)) | P119: 17.099528 | Q119: 232.90047 | R119: 0
B120: -24 | C120: =IF(MOD(B120,20)=0,TEXT(B120,"0"),"") | D120: 18.515806 | E120: 202.32521 | F120: 0 | G120: 0 | H120: 29.15898 | M120: =IF(J120="","",IF(J120<Zoom_Tmin,NA(),(J120-Zoom_Tmin)/Diagramm_dT+1)) | N120: =IF(J120="","",IF(J120<Zoom2_Tmin,NA(),(J120-Zoom2_Tmin)/Diagramm_dT+1)) | P120: 17.374888 | Q120: 232.62511 | R120: 0
B121: -23.5 | C121: =IF(MOD(B121,20)=0,TEXT(B121,"0"),"") | D121: 18.815879 | E121: 202.18784 | F121: 0 | G121: 0 | H121: 28.996277 | I121: Tripelpunkt | J121: -56.558 | K121: 5.1796 | L121: =(J121-Diagramm_Tmin)/Diagramm_dT+1 | M121: =IF(J121="","",IF(J121<Zoom_Tmin,NA(),(J121-Zoom_Tmin)/Diagramm_dT+1)) | N121: =IF(J121="","",IF(J121<Zoom2_Tmin,NA(),(J121-Zoom2_Tmin)/Diagramm_dT+1)) | P121: 17.653486 | Q121: 232.34651 | R121: 0
B122: -23 | C122: =IF(MOD(B122,20)=0,TEXT(B122,"0"),"") | D122: 19.119571 | E122: 202.0456 | F122: 0 | G122: 0 | H122: 28.834827 | M122: =IF(J122="","",IF(J122<Zoom_Tmin,NA(),(J122-Zoom_Tmin)/Diagramm_dT+1)) | N122: =IF(J122="","",IF(J122<Zoom2_Tmin,NA(),(J122-Zoom2_Tmin)/Diagramm_dT+1)) | P122: 17.935344 | Q122: 232.06466 | R122: 0
B123: -22.5 | C123: =IF(MOD(B123,20)=0,TEXT(B123,"0"),"") | D123: 19.426911 | E123: 201.89851 | F123: 0 | G123: 0 | H123: 28.67458 | I123: Kritischer Punkt Gemisch | J123: 27.954721 | K123: 81.455056 | L123: =(J123-Diagramm_Tmin)/Diagramm_dT+1 | M123: =IF(J123="","",IF(J123<Zoom_Tmin,NA(),(J123-Zoom_Tmin)/Diagramm_dT+1)) | N123: =IF(J123="","",IF(J123<Zoom2_Tmin,NA(),(J123-Zoom2_Tmin)/Diagramm_dT+1)) | P123: 18.220486 | Q123: 231.77951 | R123: 0
B124: -22 | C124: =IF(MOD(B124,20)=0,TEXT(B124,"0"),"") | D124: 19.737929 | E124: 201.74658 | F124: 0 | G124: 0 | H124: 28.515489 | M124: =IF(J124="","",IF(J124<Zoom_Tmin,NA(),(J124-Zoom_Tmin)/Diagramm_dT+1)) | N124: =IF(J124="","",IF(J124<Zoom2_Tmin,NA(),(J124-Zoom2_Tmin)/Diagramm_dT+1)) | P124: 18.508935 | Q124: 231.49107 | R124: 0
B125: -21.5 | C125: =IF(MOD(B125,20)=0,TEXT(B125,"0"),"") | D125: 20.052655 | E125: 201.58984 | F125: 0 | G125: 0 | H125: 28.357504 | I125: S1: Pumpe | J125: =Szen1_T1 | K125: =Szen1_p1 | L125: =(J125-Diagramm_Tmin)/Diagramm_dT+1 | M125: =IF(J125="","",IF(J125<Zoom_Tmin,NA(),(J125-Zoom_Tmin)/Diagramm_dT+1)) | N125: =IF(J125="","",IF(J125<Zoom2_Tmin,NA(),(J125-Zoom2_Tmin)/Diagramm_dT+1)) | P125: 18.800715 | Q125: 231.19928 | R125: 0
B126: -21 | C126: =IF(MOD(B126,20)=0,TEXT(B126,"0"),"") | D126: 20.371119 | E126: 201.4283 | F126: 0 | G126: 0 | H126: 28.200578 | J126: =Szen1_T2 | K126: =Szen1_p2 | L126: =(J126-Diagramm_Tmin)/Diagramm_dT+1 | M126: =IF(J126="","",IF(J126<Zoom_Tmin,NA(),(J126-Zoom_Tmin)/Diagramm_dT+1)) | N126: =IF(J126="","",IF(J126<Zoom2_Tmin,NA(),(J126-Zoom2_Tmin)/Diagramm_dT+1)) | P126: 19.09585 | Q126: 230.90415 | R126: 0
B127: -20.5 | C127: =IF(MOD(B127,20)=0,TEXT(B127,"0"),"") | D127: 20.693351 | E127: 201.26199 | F127: 0 | G127: 0 | H127: 28.044663 | M127: =IF(J127="","",IF(J127<Zoom_Tmin,NA(),(J127-Zoom_Tmin)/Diagramm_dT+1)) | N127: =IF(J127="","",IF(J127<Zoom2_Tmin,NA(),(J127-Zoom2_Tmin)/Diagramm_dT+1)) | P127: 19.394364 | Q127: 230.60564 | R127: 0
B128: -20 | C128: =IF(MOD(B128,20)=0,TEXT(B128,"0"),"") | D128: 21.019382 | E128: 201.09091 | F128: 0 | G128: 0 | H128: 27.889712 | I128: S2: verdichten → überkritisch kühlen → pumpen | J128: =T_S2 | K128: =p_S2 | L128: =(J128-Diagramm_Tmin)/Diagramm_dT+1 | M128: =IF(J128="","",IF(J128<Zoom_Tmin,NA(),(J128-Zoom_Tmin)/Diagramm_dT+1)) | N128: =IF(J128="","",IF(J128<Zoom2_Tmin,NA(),(J128-Zoom2_Tmin)/Diagramm_dT+1)) | P128: 19.69628 | Q128: 230.30372 | R128: 0
B129: -19.5 | C129: =IF(MOD(B129,20)=0,TEXT(B129,"0"),"") | D129: 21.349244 | E129: 200.91508 | F129: 0 | G129: 0 | H129: 27.73568 | J129: =Szen2_T1a | K129: =p_zw | L129: =(J129-Diagramm_Tmin)/Diagramm_dT+1 | M129: =IF(J129="","",IF(J129<Zoom_Tmin,NA(),(J129-Zoom_Tmin)/Diagramm_dT+1)) | N129: =IF(J129="","",IF(J129<Zoom2_Tmin,NA(),(J129-Zoom2_Tmin)/Diagramm_dT+1)) | P129: 20.001622 | Q129: 229.99838 | R129: 0
B130: -19 | C130: =IF(MOD(B130,20)=0,TEXT(B130,"0"),"") | D130: 21.682967 | E130: 200.73451 | F130: 0 | G130: 0 | H130: 27.582519 | J130: =T_ZK | K130: =p_zw | L130: =(J130-Diagramm_Tmin)/Diagramm_dT+1 | M130: =IF(J130="","",IF(J130<Zoom_Tmin,NA(),(J130-Zoom_Tmin)/Diagramm_dT+1)) | N130: =IF(J130="","",IF(J130<Zoom2_Tmin,NA(),(J130-Zoom2_Tmin)/Diagramm_dT+1)) | P130: 20.310415 | Q130: 229.68959 | R130: 0
B131: -18.5 | C131: =IF(MOD(B131,20)=0,TEXT(B131,"0"),"") | D131: 22.020583 | E131: 200.54923 | F131: 0 | G131: 0 | H131: 27.430183 | J131: =Szen2_T2a | K131: =p_uek | L131: =(J131-Diagramm_Tmin)/Diagramm_dT+1 | M131: =IF(J131="","",IF(J131<Zoom_Tmin,NA(),(J131-Zoom_Tmin)/Diagramm_dT+1)) | N131: =IF(J131="","",IF(J131<Zoom2_Tmin,NA(),(J131-Zoom2_Tmin)/Diagramm_dT+1)) | P131: 20.622682 | Q131: 229.37732 | R131: 0
B132: -18 | C132: =IF(MOD(B132,20)=0,TEXT(B132,"0"),"") | D132: 22.362125 | E132: 200.35925 | F132: 0 | G132: 0 | H132: 27.278626 | J132: =T_K | K132: =p_uek | L132: =(J132-Diagramm_Tmin)/Diagramm_dT+1 | M132: =IF(J132="","",IF(J132<Zoom_Tmin,NA(),(J132-Zoom_Tmin)/Diagramm_dT+1)) | N132: =IF(J132="","",IF(J132<Zoom2_Tmin,NA(),(J132-Zoom2_Tmin)/Diagramm_dT+1)) | P132: 20.938448 | Q132: 229.06155 | R132: 0
B133: -17.5 | C133: =IF(MOD(B133,20)=0,TEXT(B133,"0"),"") | D133: 22.707623 | E133: 200.16457 | F133: 0 | G133: 0 | H133: 27.127802 | J133: =Szen2_TPa | K133: =Kopf_betr_S2 | L133: =(J133-Diagramm_Tmin)/Diagramm_dT+1 | M133: =IF(J133="","",IF(J133<Zoom_Tmin,NA(),(J133-Zoom_Tmin)/Diagramm_dT+1)) | N133: =IF(J133="","",IF(J133<Zoom2_Tmin,NA(),(J133-Zoom2_Tmin)/Diagramm_dT+1)) | P133: 21.257737 | Q133: 228.74226 | R133: 0
B134: -17 | C134: =IF(MOD(B134,20)=0,TEXT(B134,"0"),"") | D134: 23.057111 | E134: 199.96522 | F134: 0 | G134: 0 | H134: 26.977667 | M134: =IF(J134="","",IF(J134<Zoom_Tmin,NA(),(J134-Zoom_Tmin)/Diagramm_dT+1)) | N134: =IF(J134="","",IF(J134<Zoom2_Tmin,NA(),(J134-Zoom2_Tmin)/Diagramm_dT+1)) | P134: 21.580574 | Q134: 228.41943 | R134: 0
B135: -16.5 | C135: =IF(MOD(B135,20)=0,TEXT(B135,"0"),"") | D135: 23.410622 | E135: 199.76121 | F135: 0 | G135: 0 | H135: 26.828173 | M135: =IF(J135="","",IF(J135<Zoom_Tmin,NA(),(J135-Zoom_Tmin)/Diagramm_dT+1)) | N135: =IF(J135="","",IF(J135<Zoom2_Tmin,NA(),(J135-Zoom2_Tmin)/Diagramm_dT+1)) | P135: 21.906982 | Q135: 228.09302 | R135: 0
B136: -16 | C136: =IF(MOD(B136,20)=0,TEXT(B136,"0"),"") | D136: 23.768187 | E136: 199.55254 | F136: 0 | G136: 0 | H136: 26.679275 | M136: =IF(J136="","",IF(J136<Zoom_Tmin,NA(),(J136-Zoom_Tmin)/Diagramm_dT+1)) | N136: =IF(J136="","",IF(J136<Zoom2_Tmin,NA(),(J136-Zoom2_Tmin)/Diagramm_dT+1)) | P136: 22.236988 | Q136: 227.76301 | R136: 0
B137: -15.5 | C137: =IF(MOD(B137,20)=0,TEXT(B137,"0"),"") | D137: 24.129842 | E137: 199.33923 | F137: 0 | G137: 0 | H137: 26.530928 | M137: =IF(J137="","",IF(J137<Zoom_Tmin,NA(),(J137-Zoom_Tmin)/Diagramm_dT+1)) | N137: =IF(J137="","",IF(J137<Zoom2_Tmin,NA(),(J137-Zoom2_Tmin)/Diagramm_dT+1)) | P137: 22.570615 | Q137: 227.42938 | R137: 0
B138: -15 | C138: =IF(MOD(B138,20)=0,TEXT(B138,"0"),"") | D138: 24.49562 | E138: 199.12129 | F138: 0 | G138: 0 | H138: 26.383086 | I138: Vergleich: Durchverdichten (2 Stufen) – Werte aus 04_phasenpfade_vergleich.py | J138: 15 | K138: 30 | L138: =(J138-Diagramm_Tmin)/Diagramm_dT+1 | M138: =IF(J138="","",IF(J138<Zoom_Tmin,NA(),(J138-Zoom_Tmin)/Diagramm_dT+1)) | N138: =IF(J138="","",IF(J138<Zoom2_Tmin,NA(),(J138-Zoom2_Tmin)/Diagramm_dT+1)) | P138: 22.907889 | Q138: 227.09211 | R138: 0
B139: -14.5 | C139: =IF(MOD(B139,20)=0,TEXT(B139,"0"),"") | D139: 24.865535 | E139: 198.89874 | F139: 0 | G139: 0 | H139: 26.235724 | J139: 60.938393 | K139: 52 | L139: =(J139-Diagramm_Tmin)/Diagramm_dT+1 | M139: =IF(J139="","",IF(J139<Zoom_Tmin,NA(),(J139-Zoom_Tmin)/Diagramm_dT+1)) | N139: =IF(J139="","",IF(J139<Zoom2_Tmin,NA(),(J139-Zoom2_Tmin)/Diagramm_dT+1)) | P139: 23.248835 | Q139: 226.75117 | R139: 0
B140: -14 | C140: =IF(MOD(B140,20)=0,TEXT(B140,"0"),"") | D140: 25.239681 | E140: 198.67158 | F140: 0 | G140: 0 | H140: 26.088735 | J140: 26 | K140: 52 | L140: =(J140-Diagramm_Tmin)/Diagramm_dT+1 | M140: =IF(J140="","",IF(J140<Zoom_Tmin,NA(),(J140-Zoom_Tmin)/Diagramm_dT+1)) | N140: =IF(J140="","",IF(J140<Zoom2_Tmin,NA(),(J140-Zoom2_Tmin)/Diagramm_dT+1)) | P140: 23.593477 | Q140: 226.40652 | R140: 0
B141: -13.5 | C141: =IF(MOD(B141,20)=0,TEXT(B141,"0"),"") | D141: 25.618034 | E141: 198.43983 | F141: 0 | G141: 0 | H141: 25.942135 | J141: 104.2144 | K141: 127.2718 | L141: =(J141-Diagramm_Tmin)/Diagramm_dT+1 | M141: =IF(J141="","",IF(J141<Zoom_Tmin,NA(),(J141-Zoom_Tmin)/Diagramm_dT+1)) | N141: =IF(J141="","",IF(J141<Zoom2_Tmin,NA(),(J141-Zoom2_Tmin)/Diagramm_dT+1)) | P141: 23.941842 | Q141: 226.05816 | R141: 0
B142: -13 | C142: =IF(MOD(B142,20)=0,TEXT(B142,"0"),"") | D142: 26.000649 | E142: 198.2035 | F142: 0 | G142: 0 | H142: 25.795856 | J142: 34.406495 | K142: 127.2718 | L142: =(J142-Diagramm_Tmin)/Diagramm_dT+1 | M142: =IF(J142="","",IF(J142<Zoom_Tmin,NA(),(J142-Zoom_Tmin)/Diagramm_dT+1)) | N142: =IF(J142="","",IF(J142<Zoom2_Tmin,NA(),(J142-Zoom2_Tmin)/Diagramm_dT+1)) | P142: 24.293954 | Q142: 225.70605 | R142: 0
B143: -12.5 | C143: =IF(MOD(B143,20)=0,TEXT(B143,"0"),"") | D143: 26.387561 | E143: 197.96259 | F143: 0 | G143: 0 | H143: 25.649852 | M143: =IF(J143="","",IF(J143<Zoom_Tmin,NA(),(J143-Zoom_Tmin)/Diagramm_dT+1)) | N143: =IF(J143="","",IF(J143<Zoom2_Tmin,NA(),(J143-Zoom2_Tmin)/Diagramm_dT+1)) | P143: 24.649839 | Q143: 225.35016 | R143: 0
B144: -12 | C144: =IF(MOD(B144,20)=0,TEXT(B144,"0"),"") | D144: 26.778808 | E144: 197.71711 | F144: 0 | G144: 0 | H144: 25.504078 | I144: Beschriftung Phasengebiete E | J144: -71 | K144: 70 | L144: =(J144-Diagramm_Tmin)/Diagramm_dT+1 | M144: =IF(J144="","",IF(J144<Zoom_Tmin,NA(),(J144-Zoom_Tmin)/Diagramm_dT+1)) | N144: =IF(J144="","",IF(J144<Zoom2_Tmin,NA(),(J144-Zoom2_Tmin)/Diagramm_dT+1)) | P144: 25.009523 | Q144: 224.99048 | R144: 0
B145: -11.5 | C145: =IF(MOD(B145,20)=0,TEXT(B145,"0"),"") | D145: 27.174426 | E145: 197.46709 | F145: 0 | G145: 0 | H145: 25.358486 | J145: -30 | K145: 105 | L145: =(J145-Diagramm_Tmin)/Diagramm_dT+1 | M145: =IF(J145="","",IF(J145<Zoom_Tmin,NA(),(J145-Zoom_Tmin)/Diagramm_dT+1)) | N145: =IF(J145="","",IF(J145<Zoom2_Tmin,NA(),(J145-Zoom2_Tmin)/Diagramm_dT+1)) | P145: 25.373032 | Q145: 224.62697 | R145: 0
B146: -11 | C146: =IF(MOD(B146,20)=0,TEXT(B146,"0"),"") | D146: 27.574451 | E146: 197.21252 | F146: 0 | G146: 0 | H146: 25.21303 | J146: 72 | K146: 12 | L146: =(J146-Diagramm_Tmin)/Diagramm_dT+1 | M146: =IF(J146="","",IF(J146<Zoom_Tmin,NA(),(J146-Zoom_Tmin)/Diagramm_dT+1)) | N146: =IF(J146="","",IF(J146<Zoom2_Tmin,NA(),(J146-Zoom2_Tmin)/Diagramm_dT+1)) | P146: 25.740391 | Q146: 224.25961 | R146: 0
B147: -10.5 | C147: =IF(MOD(B147,20)=0,TEXT(B147,"0"),"") | D147: 27.978923 | E147: 196.95342 | F147: 0 | G147: 0 | H147: 25.067662 | J147: 85 | K147: 120 | L147: =(J147-Diagramm_Tmin)/Diagramm_dT+1 | M147: =IF(J147="","",IF(J147<Zoom_Tmin,NA(),(J147-Zoom_Tmin)/Diagramm_dT+1)) | N147: =IF(J147="","",IF(J147<Zoom2_Tmin,NA(),(J147-Zoom2_Tmin)/Diagramm_dT+1)) | P147: 26.111627 | Q147: 223.88837 | R147: 0
B148: -10 | C148: =IF(MOD(B148,20)=0,TEXT(B148,"0"),"") | D148: 28.387878 | E148: 196.68979 | F148: 0 | G148: 0 | H148: 24.922334 | J148: -22 | K148: 34 | L148: =(J148-Diagramm_Tmin)/Diagramm_dT+1 | M148: =IF(J148="","",IF(J148<Zoom_Tmin,NA(),(J148-Zoom_Tmin)/Diagramm_dT+1)) | N148: =IF(J148="","",IF(J148<Zoom2_Tmin,NA(),(J148-Zoom2_Tmin)/Diagramm_dT+1)) | P148: 26.486767 | Q148: 223.51323 | R148: 0
B149: -9.5 | C149: =IF(MOD(B149,20)=0,TEXT(B149,"0"),"") | D149: 28.801357 | E149: 196.42165 | F149: 0 | G149: 0 | H149: 24.776998 | I149: Beschriftung Punkte E | J149: 1 | K149: 91 | L149: =(J149-Diagramm_Tmin)/Diagramm_dT+1 | M149: =IF(J149="","",IF(J149<Zoom_Tmin,NA(),(J149-Zoom_Tmin)/Diagramm_dT+1)) | N149: =IF(J149="","",IF(J149<Zoom2_Tmin,NA(),(J149-Zoom2_Tmin)/Diagramm_dT+1)) | P149: 26.865836 | Q149: 223.13416 | R149: 0
B150: -9 | C150: =IF(MOD(B150,20)=0,TEXT(B150,"0"),"") | D150: 29.219666 | E150: 196.149 | F150: 0 | G150: 0 | H150: 24.631337 | J150: 15 | K150: 25 | L150: =(J150-Diagramm_Tmin)/Diagramm_dT+1 | M150: =IF(J150="","",IF(J150<Zoom_Tmin,NA(),(J150-Zoom_Tmin)/Diagramm_dT+1)) | N150: =IF(J150="","",IF(J150<Zoom2_Tmin,NA(),(J150-Zoom2_Tmin)/Diagramm_dT+1)) | P150: 27.248861 | Q150: 222.75114 | R150: 0
B151: -8.5 | C151: =IF(MOD(B151,20)=0,TEXT(B151,"0"),"") | D151: 29.64409 | E151: 195.87185 | F151: 0 | G151: 0 | H151: 24.484058 | J151: =Szen2_T2a+11 | K151: 86 | L151: =(J151-Diagramm_Tmin)/Diagramm_dT+1 | M151: =IF(J151="","",IF(J151<Zoom_Tmin,NA(),(J151-Zoom_Tmin)/Diagramm_dT+1)) | N151: =IF(J151="","",IF(J151<Zoom2_Tmin,NA(),(J151-Zoom2_Tmin)/Diagramm_dT+1)) | P151: 27.63587 | Q151: 222.36413 | R151: 0
B152: -8 | C152: =IF(MOD(B152,20)=0,TEXT(B152,"0"),"") | D152: 30.069599 | E152: 195.59042 | F152: 0 | G152: 0 | H152: 24.339977 | J152: 48 | K152: 95 | L152: =(J152-Diagramm_Tmin)/Diagramm_dT+1 | M152: =IF(J152="","",IF(J152<Zoom_Tmin,NA(),(J152-Zoom_Tmin)/Diagramm_dT+1)) | N152: =IF(J152="","",IF(J152<Zoom2_Tmin,NA(),(J152-Zoom2_Tmin)/Diagramm_dT+1)) | P152: 28.026889 | Q152: 221.97311 | R152: 0
B153: -7.5 | C153: =IF(MOD(B153,20)=0,TEXT(B153,"0"),"") | D153: 30.503381 | E153: 195.30411 | F153: 0 | G153: 0 | H153: 24.192509 | J153: 23 | K153: =Kopf_betr_S2+6 | L153: =(J153-Diagramm_Tmin)/Diagramm_dT+1 | M153: =IF(J153="","",IF(J153<Zoom_Tmin,NA(),(J153-Zoom_Tmin)/Diagramm_dT+1)) | N153: =IF(J153="","",IF(J153<Zoom2_Tmin,NA(),(J153-Zoom2_Tmin)/Diagramm_dT+1)) | P153: 28.421945 | Q153: 221.57805 | R153: 0
B154: -7 | C154: =IF(MOD(B154,20)=0,TEXT(B154,"0"),"") | D154: 30.937989 | E154: 195.01353 | F154: 0 | G154: 0 | H154: 24.048481 | J154: =Szen2_T1a+10 | K154: 45 | L154: =(J154-Diagramm_Tmin)/Diagramm_dT+1 | M154: =IF(J154="","",IF(J154<Zoom_Tmin,NA(),(J154-Zoom_Tmin)/Diagramm_dT+1)) | N154: =IF(J154="","",IF(J154<Zoom2_Tmin,NA(),(J154-Zoom2_Tmin)/Diagramm_dT+1)) | P154: 28.821067 | Q154: 221.17893 | R154: 0
B155: -6.5 | C155: =IF(MOD(B155,20)=0,TEXT(B155,"0"),"") | D155: 31.379452 | E155: 194.71849 | F155: 0 | G155: 0 | H155: 23.902057 | J155: 42 | K155: 49 | L155: =(J155-Diagramm_Tmin)/Diagramm_dT+1 | M155: =IF(J155="","",IF(J155<Zoom_Tmin,NA(),(J155-Zoom_Tmin)/Diagramm_dT+1)) | N155: =IF(J155="","",IF(J155<Zoom2_Tmin,NA(),(J155-Zoom2_Tmin)/Diagramm_dT+1)) | P155: 29.22428 | Q155: 220.77572 | R155: 0
B156: -6 | C156: =IF(MOD(B156,20)=0,TEXT(B156,"0"),"") | D156: 31.825727 | E156: 194.419 | F156: 0 | G156: 0 | H156: 23.755273 | J156: 97 | K156: 106 | L156: =(J156-Diagramm_Tmin)/Diagramm_dT+1 | M156: =IF(J156="","",IF(J156<Zoom_Tmin,NA(),(J156-Zoom_Tmin)/Diagramm_dT+1)) | N156: =IF(J156="","",IF(J156<Zoom2_Tmin,NA(),(J156-Zoom2_Tmin)/Diagramm_dT+1)) | P156: 29.631614 | Q156: 220.36839 | R156: 0
B157: -5.5 | C157: =IF(MOD(B157,20)=0,TEXT(B157,"0"),"") | D157: 32.276858 | E157: 194.11507 | F157: 0 | G157: 0 | H157: 23.608074 | M157: =IF(J157="","",IF(J157<Zoom_Tmin,NA(),(J157-Zoom_Tmin)/Diagramm_dT+1)) | N157: =IF(J157="","",IF(J157<Zoom2_Tmin,NA(),(J157-Zoom2_Tmin)/Diagramm_dT+1)) | P157: 30.043095 | Q157: 219.9569 | R157: 0
B158: -5 | C158: =IF(MOD(B158,20)=0,TEXT(B158,"0"),"") | D158: 32.732889 | E158: 193.8067 | F158: 0 | G158: 0 | H158: 23.460407 | I158: Gassäule Kaverne voll (210 bar unten) | J158: ='Kaverne & Gassäule'!$C$55 | K158: ='Kaverne & Gassäule'!$D$55 | L158: =(J158-Diagramm_Tmin)/Diagramm_dT+1 | M158: =IF(J158="","",IF(J158<Zoom_Tmin,NA(),(J158-Zoom_Tmin)/Diagramm_dT+1)) | N158: =IF(J158="","",IF(J158<Zoom2_Tmin,NA(),(J158-Zoom2_Tmin)/Diagramm_dT+1)) | P158: 30.458753 | Q158: 219.54125 | R158: 0
B159: -4.5 | C159: =IF(MOD(B159,20)=0,TEXT(B159,"0"),"") | D159: 33.193867 | E159: 193.49392 | F159: 0 | G159: 0 | H159: 23.312215 | J159: ='Kaverne & Gassäule'!$C$56 | K159: ='Kaverne & Gassäule'!$D$56 | L159: =(J159-Diagramm_Tmin)/Diagramm_dT+1 | M159: =IF(J159="","",IF(J159<Zoom_Tmin,NA(),(J159-Zoom_Tmin)/Diagramm_dT+1)) | N159: =IF(J159="","",IF(J159<Zoom2_Tmin,NA(),(J159-Zoom2_Tmin)/Diagramm_dT+1)) | P159: 30.878616 | Q159: 219.12138 | R159: 0
B160: -4 | C160: =IF(MOD(B160,20)=0,TEXT(B160,"0"),"") | D160: 33.659838 | E160: 193.17672 | F160: 0 | G160: 0 | H160: 23.163443 | J160: ='Kaverne & Gassäule'!$C$57 | K160: ='Kaverne & Gassäule'!$D$57 | L160: =(J160-Diagramm_Tmin)/Diagramm_dT+1 | M160: =IF(J160="","",IF(J160<Zoom_Tmin,NA(),(J160-Zoom_Tmin)/Diagramm_dT+1)) | N160: =IF(J160="","",IF(J160<Zoom2_Tmin,NA(),(J160-Zoom2_Tmin)/Diagramm_dT+1)) | P160: 31.302712 | Q160: 218.69729 | R160: 0
B161: -3.5 | C161: =IF(MOD(B161,20)=0,TEXT(B161,"0"),"") | D161: 34.130849 | E161: 192.85512 | F161: 0 | G161: 0 | H161: 23.014033 | J161: ='Kaverne & Gassäule'!$C$58 | K161: ='Kaverne & Gassäule'!$D$58 | L161: =(J161-Diagramm_Tmin)/Diagramm_dT+1 | M161: =IF(J161="","",IF(J161<Zoom_Tmin,NA(),(J161-Zoom_Tmin)/Diagramm_dT+1)) | N161: =IF(J161="","",IF(J161<Zoom2_Tmin,NA(),(J161-Zoom2_Tmin)/Diagramm_dT+1)) | P161: 31.731071 | Q161: 218.26893 | R161: 0
B162: -3 | C162: =IF(MOD(B162,20)=0,TEXT(B162,"0"),"") | D162: 34.606949 | E162: 192.52913 | F162: 0 | G162: 0 | H162: 22.863925 | J162: ='Kaverne & Gassäule'!$C$59 | K162: ='Kaverne & Gassäule'!$D$59 | L162: =(J162-Diagramm_Tmin)/Diagramm_dT+1 | M162: =IF(J162="","",IF(J162<Zoom_Tmin,NA(),(J162-Zoom_Tmin)/Diagramm_dT+1)) | N162: =IF(J162="","",IF(J162<Zoom2_Tmin,NA(),(J162-Zoom2_Tmin)/Diagramm_dT+1)) | P162: 32.163721 | Q162: 217.83628 | R162: 0
B163: -2.5 | C163: =IF(MOD(B163,20)=0,TEXT(B163,"0"),"") | D163: 35.088188 | E163: 192.19875 | F163: 0 | G163: 0 | H163: 22.713059 | J163: ='Kaverne & Gassäule'!$C$60 | K163: ='Kaverne & Gassäule'!$D$60 | L163: =(J163-Diagramm_Tmin)/Diagramm_dT+1 | M163: =IF(J163="","",IF(J163<Zoom_Tmin,NA(),(J163-Zoom_Tmin)/Diagramm_dT+1)) | N163: =IF(J163="","",IF(J163<Zoom2_Tmin,NA(),(J163-Zoom2_Tmin)/Diagramm_dT+1)) | P163: 32.600692 | Q163: 217.39931 | R163: 0
B164: -2 | C164: =IF(MOD(B164,20)=0,TEXT(B164,"0"),"") | D164: 35.574617 | E164: 191.86401 | F164: 0 | G164: 0 | H164: 22.561373 | J164: ='Kaverne & Gassäule'!$C$61 | K164: ='Kaverne & Gassäule'!$D$61 | L164: =(J164-Diagramm_Tmin)/Diagramm_dT+1 | M164: =IF(J164="","",IF(J164<Zoom_Tmin,NA(),(J164-Zoom_Tmin)/Diagramm_dT+1)) | N164: =IF(J164="","",IF(J164<Zoom2_Tmin,NA(),(J164-Zoom2_Tmin)/Diagramm_dT+1)) | P164: 33.042013 | Q164: 216.95799 | R164: 0
B165: -1.5 | C165: =IF(MOD(B165,20)=0,TEXT(B165,"0"),"") | D165: 36.066286 | E165: 191.52491 | F165: 0 | G165: 0 | H165: 22.408802 | J165: ='Kaverne & Gassäule'!$C$62 | K165: ='Kaverne & Gassäule'!$D$62 | L165: =(J165-Diagramm_Tmin)/Diagramm_dT+1 | M165: =IF(J165="","",IF(J165<Zoom_Tmin,NA(),(J165-Zoom_Tmin)/Diagramm_dT+1)) | N165: =IF(J165="","",IF(J165<Zoom2_Tmin,NA(),(J165-Zoom2_Tmin)/Diagramm_dT+1)) | P165: 33.487715 | Q165: 216.51228 | R165: 0
B166: -1 | C166: =IF(MOD(B166,20)=0,TEXT(B166,"0"),"") | D166: 36.56325 | E166: 191.18147 | F166: 0 | G166: 0 | H166: 22.255281 | J166: ='Kaverne & Gassäule'!$C$63 | K166: ='Kaverne & Gassäule'!$D$63 | L166: =(J166-Diagramm_Tmin)/Diagramm_dT+1 | M166: =IF(J166="","",IF(J166<Zoom_Tmin,NA(),(J166-Zoom_Tmin)/Diagramm_dT+1)) | N166: =IF(J166="","",IF(J166<Zoom2_Tmin,NA(),(J166-Zoom2_Tmin)/Diagramm_dT+1)) | P166: 33.937828 | Q166: 216.06217 | R166: 0
B167: -0.5 | C167: =IF(MOD(B167,20)=0,TEXT(B167,"0"),"") | D167: 37.065561 | E167: 190.8337 | F167: 0 | G167: 0 | H167: 22.100741 | J167: ='Kaverne & Gassäule'!$C$64 | K167: ='Kaverne & Gassäule'!$D$64 | L167: =(J167-Diagramm_Tmin)/Diagramm_dT+1 | M167: =IF(J167="","",IF(J167<Zoom_Tmin,NA(),(J167-Zoom_Tmin)/Diagramm_dT+1)) | N167: =IF(J167="","",IF(J167<Zoom2_Tmin,NA(),(J167-Zoom2_Tmin)/Diagramm_dT+1)) | P167: 34.392382 | Q167: 215.60762 | R167: 0
B168: 0 | C168: =IF(MOD(B168,20)=0,TEXT(B168,"0"),"") | D168: 37.573277 | E168: 190.48161 | F168: 0 | G168: 0 | H168: 21.945113 | J168: ='Kaverne & Gassäule'!$C$65 | K168: ='Kaverne & Gassäule'!$D$65 | L168: =(J168-Diagramm_Tmin)/Diagramm_dT+1 | M168: =IF(J168="","",IF(J168<Zoom_Tmin,NA(),(J168-Zoom_Tmin)/Diagramm_dT+1)) | N168: =IF(J168="","",IF(J168<Zoom2_Tmin,NA(),(J168-Zoom2_Tmin)/Diagramm_dT+1)) | P168: 34.851408 | Q168: 215.14859 | R168: 0
...
