Workbook
Name Diagramm_dT: Diagrammdaten!$C$5
Name Diagramm_Tmin: Diagrammdaten!$C$4
Name Dv_h1a: 'Einspeicherung S2'!$E$76
Name Dv_h1s: 'Einspeicherung S2'!$E$75
Name Dv_h2a: 'Einspeicherung S2'!$E$87
Name Dv_h2s: 'Einspeicherung S2'!$E$86
Name Dv_hN: 'Einspeicherung S2'!$E$93
Name Dv_hZK1: 'Einspeicherung S2'!$E$81
Name Dv_p1: 'Einspeicherung S2'!$E$72
Name Dv_Pmax: 'Einspeicherung S2'!$E$98
Name Dv_q_ges: 'Einspeicherung S2'!$E$97
Name Dv_qN: 'Einspeicherung S2'!$E$94
Name Dv_qZK1: 'Einspeicherung S2'!$E$82
Name Dv_T1a: 'Einspeicherung S2'!$E$77
Name Dv_T2a: 'Einspeicherung S2'!$E$88
Name Dv_w1: 'Einspeicherung S2'!$E$78
Name Dv_w2: 'Einspeicherung S2'!$E$90
Name Dv_w_ges: 'Einspeicherung S2'!$E$96
Name eta: Übersicht!$F$67
Name eta_V1: Übersicht!$F$65
Name eta_V2: Übersicht!$F$66
Name grad_V1: Übersicht!$F$55
Name Kopf_grenz: 'Kaverne & Gassäule'!$D$19
Name Kopf_leer: 'Kaverne & Gassäule'!$D$20
Name Kopf_voll: 'Kaverne & Gassäule'!$D$18
Name MV_Kopf_CH4: Medienvergleich!$D$11
Name MV_Kopf_CO2: Medienvergleich!$C$11
Name MV_Kopf_H2: Medienvergleich!$E$11
Name p_blase_TK: 'Gemisch & Grenzen'!$H$15
Name p_cricondenbar: 'Gemisch & Grenzen'!$H$11
Name p_grenz: 'Kaverne & Gassäule'!$C$19
Name p_lith_V1: Übersicht!$F$71
Name p_S1: Übersicht!$F$43
Name p_S2: Übersicht!$F$46
Name p_tau_TK: 'Gemisch & Grenzen'!$H$16
Name p_verfl: Übersicht!$F$50
Name p_zw: Übersicht!$F$51
Name pmax_V1: Übersicht!$F$56
Name pmin_V1: Übersicht!$F$57
Name rho_n: 'Einspeicherung S1'!$E$19
Name rhoSalz_V1: Übersicht!$F$58
Name Stand_ok: Übersicht!$Q$39
Name Szen1_eta: 'Einspeicherung S1'!$E$14
Name Szen1_h1: 'Einspeicherung S1'!$E$10
Name Szen1_h2: 'Einspeicherung S1'!$E$15
Name Szen1_h2s: 'Einspeicherung S1'!$E$13
Name Szen1_mmax: 'Einspeicherung S1'!$E$21
Name Szen1_mmin: 'Einspeicherung S1'!$E$20
Name Szen1_p1: 'Einspeicherung S1'!$E$8
Name Szen1_p2: 'Einspeicherung S1'!$E$12
Name Szen1_Pmax: 'Einspeicherung S1'!$E$23
Name Szen1_Pmin: 'Einspeicherung S1'!$E$22
Name Szen1_s1: 'Einspeicherung S1'!$E$11
Name Szen1_T1: 'Einspeicherung S1'!$E$9
Name Szen1_T2: 'Einspeicherung S1'!$E$16
Name Szen1_w: 'Einspeicherung S1'!$E$18
Name Szen2_h1: 'Einspeicherung S2'!$E$12
Name Szen2_h1a: 'Einspeicherung S2'!$E$15
Name Szen2_h1s: 'Einspeicherung S2'!$E$14
Name Szen2_hPa: 'Einspeicherung S2'!$E$29

Sheet Übersicht
B1: CO₂-Zwischenspeicherung in Salzkavernen – Obertageanlage · Worst-Case-Gemisch
B2: Rechenübersicht Einspeicherung · Masterarbeit Sarah Maxara · TH Köln / Uniper Energy Storage
B3: Stand: 30.09.2026 · Stoffdaten: CoolProp 8.0.0, Mehrfluid-Helmholtz-Modell (GERG-2008-Mischungsregel, Reinstoffe u. a. Span & Wagner 1996) · Worst-Case-Gemisch 95 % CO₂, 2,4 % N₂, 1 % Ar, 1 % CH₄, 0,5 % H₂, 0,1 % CO (mol-%)
B5: Worum geht es? | J5: Farblegende der Zellen
B6: Diese Mappe zeigt Schritt für Schritt, wie die Obertageanlage für die Einspeicherung berechnet wird: 1. Welcher Druck muss am Bohrlochkopf anliegen? → das gibt die Kaverne über die Gassäule vor. 2. Wie bringt die Anlage das CO₂ auf diesen Druck? → Pumpe (dichte Anlieferung, S1) bzw. Verdichter, Kühler und Pumpe (gasförmige Anlieferung, S2). 3. Wo liegen alle Zustände im Phasendiagramm – und wo liegt das Betriebsfenster von Bohrloch und Kaverne? Diese Mappe rechnet das Worst-Case-Gemisch mit 5 % Begleitstoffen – gleicher Aufbau wie die Mappe für reines CO₂. Was sich an den Grenzen ändert und warum: Blatt „Gemisch & Grenzen“. | J6: 91 | K6: Annahme – darf geändert werden
J7: 246.6 | K7: Stoffwert aus CoolProp – fest
J8: 100 | K8: Excel-Formel – rechnet sofort mit
J9: 114.9 | K9: wichtiges Ergebnis
J10: rot | K10: Stoffwert passt nicht mehr zu den Annahmen
B12: Inhalt
B13: → Kaverne & Gassäule | E13: Welchen Kopfdruck gibt die Kaverne vor? Gassäule im Stillstand für drei Füllstände (wie Q-028, Fig. 3).
B14: → Medienvergleich | E14: Warum braucht CO₂ oben weniger Druck als Erdgas oder Wasserstoff?
B15: → Einspeicherung S1 | E15: Anlieferung dicht: Pumpe – jeder Rechenschritt einzeln.
B16: → Einspeicherung S2 | E16: Anlieferung gasförmig: Verdichtung (2 Stufen), Zwischenkühlung, Kühlung in der dichten Phase, Pumpe.
B17: → Phasendiagramm | E17: Diagramm 1: Prozesspfade bis zum Bohrlochkopf. Diagramm 2: Betriebsfenster von Bohrloch und Kaverne (nur Stillstand).
B18: → Quellen | E18: Herkunft aller Annahmen und Stoffdaten.
B19: → Diagrammdaten | E19: Hilfstabellen für die Diagramme (nicht ändern).
B20: → Gemisch & Grenzen | E20: Was die Begleitstoffe ändern: Zweiphasengebiet, Unsicherheit ±3 bar, neue Grenzen der Anlage.
B21: Prozesskette Einspeicherung – Szenarien
B37: Szenarien & Annahmen
B38: Blaue Werte dürfen geändert werden. Weiße Formelwerte rechnen sofort mit. Graue Stoffwerte (CoolProp) kann Excel nicht selbst berechnen – ändert sich eine Annahme, zeigt der Status, welche Werte neu berechnet werden müssen.
B39: Status | E39: =IF(Stand_ok,"✔ Alle grauen Stoffwerte passen zu den Annahmen.","⚠ Mindestens eine Annahme wurde geändert – rot markierte Stoffwerte sind veraltet und müssen neu berechnet werden.") -> ✔ Alle grauen Stoffwerte passen zu den Annahmen. | Q39: =COUNTIF($N$42:$N$67,"⚠*")=0 -> 1
B41: Größe | E41: Symbol | F41: Wert | G41: Einheit | H41: Quelle / Begründung | M41: gerechnet mit | N41: Status
B42: Anlieferszenario S1 – dichte Phase (Pipeline OGE)
B43: Übergabedruck | E43: p_S1 | F43: 91 | G43: bar | H43: OGE-Notizen 16.09.2026, Pkt. 6: mind. 91 bar (vorher 85 bar), Worst Case mit Begleitstoffen | M43: 91 | N43: =IF(ABS(F43-M43)<0.000000001,"✔ passt","⚠ geändert – neu rechnen") -> ✔ passt
B44: Übergabetemperatur | E44: T_S1 | F44: 15 | G44: °C | H44: Annahme: Medientemperatur der Fernleitung (nicht Gebirgstemperatur) | M44: 15 | N44: =IF(ABS(F44-M44)<0.000000001,"✔ passt","⚠ geändert – neu rechnen") -> ✔ passt
B45: Anlieferszenario S2 – gasförmig
B46: Übergabedruck | E46: p_S2 | F46: 30 | G46: bar | H46: Annahme aus Vorarbeit; alte Tabelle nennt Q-040 (ISO 27913) – dort noch nicht ausgewertet, zu prüfen | M46: 30 | N46: =IF(ABS(F46-M46)<0.000000001,"✔ passt","⚠ geändert – neu rechnen") -> ✔ passt
B47: Übergabetemperatur | E47: T_S2 | F47: 15 | G47: °C | H47: Annahme: Medientemperatur | M47: 15 | N47: =IF(ABS(F47-M47)<0.000000001,"✔ passt","⚠ geändert – neu rechnen") -> ✔ passt
B48: Kühltemperatur nach jeder Stufe | E48: T_K | F48: 20 | G48: °C | H48: Q-016 (S. 4, Kap. 2.3): Kühlung nach jeder Verdichterstufe auf 20 °C; setzt Kühlwasser voraus | M48: 20 | N48: =IF(ABS(F48-M48)<0.000000001,"✔ passt","⚠ geändert – neu rechnen") -> ✔ passt
B49: Max. Austrittstemperatur je Verdichterstufe | E49: T_max | F49: 95 | G49: °C | H49: Q-016 (S. 4, Kap. 2.3): höchstens 95 °C nach jeder Stufe → legt die Zahl der Stufen fest | M49: 95 | N49: =IF(ABS(F49-M49)<0.000000001,"✔ passt","⚠ geändert – neu rechnen") -> ✔ passt
B50: Enddruck Verdichtung = Kühlerdruck | E50: p_V | F50: 90 | G50: bar | H50: Gemisch: ≥ Cricondenbar 82,2 + 3 bar → Kühlen ohne Zweiphasengebiet (rein: 60 bar, verflüssigen) | M50: 90 | N50: =IF(ABS(F50-M50)<0.000000001,"✔ passt","⚠ geändert – neu rechnen") -> ✔ passt
B51: Zwischendruck (nur Vergleich Durchverdichten) | E51: p_zw | F51: 50 | G51: bar | H51: Gemisch: ≤ Taudruck(T_K) − 3 bar = 60,4 bar; Stufe 2 ≤ 95 °C ab 48,1 bar → zulässig ca. 48–60 bar | M51: 50 | N51: =IF(ABS(F51-M51)<0.000000001,"✔ passt","⚠ geändert – neu rechnen") -> ✔ passt
B52: Kaverne V1 – tief (Basisfall)
B53: Teufe (LCCS) | E53: z | F53: 1200 | G53: m | H53: Q-030 Option 2; abgestimmt mit Martina Wall (Uniper) | M53: 1200 | N53: =IF(ABS(F53-M53)<0.000000001,"✔ passt","⚠ geändert – neu rechnen") -> ✔ passt
B54: Gebirgstemperatur an der Oberfläche | E54: T₀ | F54: 10 | G54: °C | H54: Q-028 (Buzogany & Kruck 2022) | M54: 10 | N54: =IF(ABS(F54-M54)<0.000000001,"✔ passt","⚠ geändert – neu rechnen") -> ✔ passt
B55: Geothermischer Gradient | E55: grad T | F55: 0.03 | G55: K/m | H55: Q-028 | M55: 0.03 | N55: =IF(ABS(F55-M55)<0.000000001,"✔ passt","⚠ geändert – neu rechnen") -> ✔ passt
B56: Maximaldruck an der LCCS | E56: p_max | F56: 210 | G56: bar | H56: Zwischenwert aus Q-028 (200 bar) und Q-030 Opt. 2 (240 bar) | M56: 210 | N56: =IF(ABS(F56-M56)<0.000000001,"✔ passt","⚠ geändert – neu rechnen") -> ✔ passt
B57: Minimaldruck an der LCCS | E57: p_min | F57: 70 | G57: bar | H57: Q-028: geomechanisches Minimum | M57: 70 | N57: =IF(ABS(F57-M57)<0.000000001,"✔ passt","⚠ geändert – neu rechnen") -> ✔ passt
B58: Dichte Salzgestein | E58: ρ_Salz | F58: 2200 | G58: kg/m³ | H58: Q-028; nur für den lithostatischen Druck (Formel unten) | M58: 2200 | N58: =IF(ABS(F58-M58)<0.000000001,"✔ passt","⚠ geändert – neu rechnen") -> ✔ passt
B59: Kaverne V2 – flach (Platzhalter)
B60: Teufe (LCCS) | E60: z | G60: m | H60: noch festzulegen; Anhalt: Q-030 Option 3 (700 m), Teufenoptimierung (~800 m) | M60: – | N60: – noch offen
B61: Maximal-/Minimaldruck an der LCCS | E61: p_max / p_min | G61: bar | H61: noch festzulegen; Anhalt: Q-030 Option 3 (125 / 40–50 bar) | M61: – | N61: – noch offen
B62: Betrieb & Maschinen
B63: Normvolumenstrom, unterer Fall | E63: V_n,min | F63: 50000 | G63: Nm³/h | H63: abgestimmt mit Martina Wall (Uniper) | M63: – | N63: rechnet live mit
B64: Normvolumenstrom, oberer Fall | E64: V_n,max | F64: 100000 | G64: Nm³/h | H64: abgestimmt mit Martina Wall (Uniper) | M64: – | N64: rechnet live mit
B65: Isentroper Wirkungsgrad Verdichter 1. Stufe (S2) | E65: η_V1 | F65: 0.84 | G65: – | H65: Q-016 (S. 4, Kap. 2.3): 84 % in der ersten Stufe | M65: 0.84 | N65: =IF(ABS(F65-M65)<0.000000001,"✔ passt","⚠ geändert – neu rechnen") -> ✔ passt
B66: Isentroper Wirkungsgrad Verdichter 2. Stufe (nur Vergleich Durchverdichten) | E66: η_V2 | F66: 0.82 | G66: – | H66: Q-016 (S. 4, Kap. 2.3): je weitere Stufe 2 % weniger → 82 % | M66: 0.82 | N66: =IF(ABS(F66-M66)<0.000000001,"✔ passt","⚠ geändert – neu rechnen") -> ✔ passt
B67: Isentroper Wirkungsgrad Pumpe (S1 und S2) | E67: η_P | F67: 0.8 | G67: – | H67: eigene Annahme; Q-016 nennt nur eine Glykolpumpe (70 %) – für die CO₂-Pumpe herstellerseitig zu bestätigen | M67: 0.8 | N67: =IF(ABS(F67-M67)<0.000000001,"✔ passt","⚠ geändert – neu rechnen") -> ✔ passt
B69: Abgeleitete Größen Kaverne V1 (Excel-Formeln, rechnen mit)
B70: Kavernentemperatur (Gebirge, Stillstand) | E70: T_Kav | F70: =Tober_V1+grad_V1*z_V1 -> 46 | G70: °C | H70: T_Kav = T₀ + grad T · z
B71: Lithostatischer Gebirgsdruck | E71: p_lith | F71: =rhoSalz_V1*9.81*z_V1/100000 -> 258.984 | G71: bar | H71: p_lith = ρ_Salz · g · z
B72: p_max im Verhältnis zu p_lith | E72: p_max/p_lith | F72: =pmax_V1/p_lith_V1 -> 0.8108609 | G72: – | H72: eigene Auslegung ca. 80 % von p_lith (alte Annahmentabelle nennt Q-038 mit 85 % – dort nicht belegt, zu prüfen)
B74: Kernergebnisse auf einen Blick
B75: Nötiger Bohrlochkopfdruck (Kaverne V1 voll, 210 bar unten) | F75: =Kopf_voll -> 114.9313 | G75: bar | H75: Zieldruck für Pumpe bzw. Verdichter – Blatt „Kaverne & Gassäule“
B76: Bohrlochkopfdruck bei leerer Kaverne (70 bar unten) | F76: =Kopf_leer -> 50.705459 | G76: bar | H76: Gemisch: oberes Bohrloch 0–82 m zweiphasig (rein: 45,0 bar, 0–236 m)
B77: Säulengewinn bei voller Kaverne | F77: =pmax_V1-Kopf_voll -> 95.068698 | G77: bar | H77: diesen Druck liefert das Gewicht der CO₂-Säule „gratis“
B78: S1: spezifische Pumpenarbeit | F78: =Szen1_w -> 3.7235121 | G78: kJ/kg | H78: Blatt „Einspeicherung S1“
B79: S1: Pumpenleistung bei V_n,max | F79: =Szen1_Pmax -> 200.06482 | G79: kW | H79: bei 100.000 Nm³/h
B80: S2 Basisfall 1 Stufe: spezifische Arbeit gesamt | F80: =Szen2_w_ges -> 71.751796 | G80: kJ/kg | H80: Verdichter + Pumpe; 1 Stufe erreicht 111,6 °C > 95 °C (Q-016)
B81: S2: Antriebsleistung bei V_n,max | F81: =Szen2_Pmax -> 3855.234 | G81: kW | H81: bei 100.000 Nm³/h
B82: S2-Variante 2 Verdichterstufen: spezifische Arbeit | F82: =Szen2v_w_ges -> 62.770661 | G82: kJ/kg | H82: Pflicht beim Gemisch (1 Stufe > 95 °C); spart außerdem rund 13%
B83: Vergleich: Durchverdichten (2 Stufen), spezifische Arbeit | F83: =Dv_w_ges -> 72.898624 | G83: kJ/kg | H83: S2 (2 Stufen) braucht rund 14% weniger Arbeit – deshalb dicht kühlen und pumpen
B84: Kopfdruck Erdgas (CH₄) bei gleicher Kaverne | F84: =MV_Kopf_CH4 -> 191.70534 | G84: bar | H84: Blatt „Medienvergleich“
B85: Kopfdruck Wasserstoff (H₂) bei gleicher Kaverne | F85: =MV_Kopf_H2 -> 208.24119 | G85: bar | H85: Blatt „Medienvergleich“

Sheet Gemisch & Grenzen
B1: Gemisch & Grenzen – was die Begleitstoffe am Phasendiagramm ändern
B2: Worst-Case-Gemisch Anlieferung · Stoffdaten CoolProp 8.0.0 (GERG-2008-Mischungsregel) · Vergleich mit der Mappe für reines CO₂
B3: ← zur Übersicht
B5: Kurz gesagt
B6: Reines CO₂ hat eine Dampfdrucklinie: bei jeder Temperatur genau ein Druck, bei dem es siedet. Das Gemisch hat stattdessen ein Zweiphasengebiet zwischen Taulinie (erster Tropfen) und Blasenlinie (letzte Blase). Die leichtflüchtigen Begleitstoffe (vor allem H₂ und N₂) schieben die Blasenlinie nach oben – für „sicher flüssig“ braucht man mehr Druck. Weil die Phasengrenze eines Gemischs unsicherer ist als die von reinem CO₂, gilt ein Sicherheitsabstand von ±3 bar (Modellvergleich, Dokumentation Kap. 9).
B8: Zusammensetzung (mol-%) | F8: Kennpunkte der Phasengrenze
B9: Komponente | C9: mol-% | D9: Beleg | F9: Kennpunkt | G9: T [°C] | H9: p [bar] | I9: reines CO₂ | J9: Bedeutung
B10: CO₂ | C10: 95 | D10: DIN EN 18397 / ISO 27913 | F10: Kritischer Punkt | G10: 27.954721 | H10: 81.455056 | I10: 31,0 °C / 73,8 bar | J10: Tau- und Blasenlinie treffen sich
B11: N₂ | C11: 2.4 | D11: Porthos-Grenzwert | F11: Cricondenbar | G11: 27.213118 | H11: 82.177594 | I11: = krit. Punkt | J11: darüber bei jeder Temperatur einphasig
B12: Ar | C12: 1 | D12: ca. Oxyfuel-Zusammensetzung | F12: Cricondentherm | G12: 28.093324 | H12: 80.896474 | I12: = krit. Punkt | J12: darüber bei jedem Druck einphasig
B13: CH₄ | C13: 1 | D13: Porthos-Grenzwert
B14: H₂ | C14: 0.5 | D14: DIN EN 18397 / DVGW C 260 | F14: Unsicherheit der Phasengrenze | H14: 3 | I14: bar | J14: Dokumentation Kap. 9: Modellstreuung 1 bar + Modellfehler 1–3 %
B15: CO | C15: 0.1 | D15: DIN EN 18397 (1000 ppm) | F15: Blasendruck bei T_K | G15: 20 | H15: 76.650851 | I15: 57,3 (p_sat) | J15: darüber vollständig flüssig
B16: Σ Begleitstoffe | C16: =SUM(C11:C15) -> 5 | D16: = Grenze DIN EN 18397 | F16: Taudruck bei T_K | G16: 20 | H16: 63.370088 | I16: 57,3 (p_sat) | J16: darunter vollständig gasförmig
B18: Tau- und Blasendruck über der Temperatur
B19: T [°C] | C19: p_sat reines CO₂ [bar] | D19: Taudruck Gemisch [bar] | E19: Blasendruck Gemisch [bar] | F19: sicher gasförmig unter [bar] | G19: sicher flüssig über [bar]
B20: -50 | C20: 6.8234161 | D20: 7.2245097 | E20: 48.12601 | F20: =D20-U_PG -> 4.2245097 | G20: =E20+U_PG -> 51.12601
B21: -40 | C21: 10.044957 | D21: 10.657067 | E21: 46.018104 | F21: =D21-U_PG -> 7.6570674 | G21: =E21+U_PG -> 49.018104
B22: -30 | C22: 14.277617 | D22: 15.186693 | E22: 46.414444 | F22: =D22-U_PG -> 12.186693 | G22: =E22+U_PG -> 49.414444
B23: -20 | C23: 19.69628 | D23: 21.019382 | E23: 48.909095 | F23: =D23-U_PG -> 18.019382 | G23: =E23+U_PG -> 51.909095
B24: -10 | C24: 26.486767 | D24: 28.387878 | E24: 53.310212 | F24: =D24-U_PG -> 25.387878 | G24: =E24+U_PG -> 56.310212
B25: 0 | C25: 34.851408 | D25: 37.573277 | E25: 59.51839 | F25: =D25-U_PG -> 34.573277 | G25: =E25+U_PG -> 62.51839
B26: 5 | C26: 39.694653 | D26: 42.961015 | E26: 63.272176 | F26: =D26-U_PG -> 39.961015 | G26: =E26+U_PG -> 66.272176
B27: 10 | C27: 45.021829 | D27: 48.964344 | E27: 67.428739 | F27: =D27-U_PG -> 45.964344 | G27: =E27+U_PG -> 70.428739
B28: 15 | C28: 50.871474 | D28: 55.683743 | E28: 71.932696 | F28: =D28-U_PG -> 52.683743 | G28: =E28+U_PG -> 74.932696
B29: 20 | C29: 57.290526 | D29: 63.370088 | E29: 76.650851 | F29: =D29-U_PG -> 60.370088 | G29: =E29+U_PG -> 79.650851
B30: 25 | C30: 64.342443 | D30: 72.32523 | E30: 81.055196 | F30: =D30-U_PG -> 69.32523 | G30: =E30+U_PG -> 84.055196
B31: 27 | C31: 67.361486 | D31: 76.817923 | E31: 82.152582 | F31: =D31-U_PG -> 73.817923 | G31: =E31+U_PG -> 85.152582
B32: Unter −56,6 °C bildet sich Trockeneis (nicht im Modell). Oberhalb von 28,1 °C gibt es beim Gemisch kein Zweiphasengebiet mehr.
B34: Neue Grenzen der Einspeicherung – wo sie sich ergeben
B35: Grenze | D35: reines CO₂ | E35: Gemisch | F35: Folge für die Anlage | G35: Blatt
B36: Mindestdruck dichte Anlieferung bei 15 °C | D36: 50,9 bar | E36: 71,9 + 3 bar | F36: S1 mit 91 bar sicher dicht (8,8 bar über der Cricondenbar) | G36: Einspeicherung S1
B37: Enddruck Verdichtung = Kühlerdruck bei 20 °C | D37: > 57,3 bar (gewählt 60, verflüssigen) | E37: ≥ 85,2 bar (gewählt 90) | F37: über der Cricondenbar kühlen: kein Zweiphasengebiet, Gemisch wird stetig dicht | G37: Einspeicherung S2
B38: Verdichtung 30 bar → p_V in einer Stufe | D38: 73,2 °C ✔ | E38: 111,6 °C ✘ (> 95 °C) | F38: zwei Verdichterstufen mit Zwischenkühlung nötig | G38: Einspeicherung S2
B39: Zwischendruck (gasförmig bei 20 °C) | D39: < 57,3 bar | E39: ≤ 60,4 bar | F39: zulässig ca. 48–60 bar (95-°C-Grenze Stufe 2) | G39: Einspeicherung S2
B40: Kopfdruck bei voller Kaverne | D40: 107,6 bar | E40: 114,9 bar | F40: Pumpe muss 7,3 bar mehr liefern; Gemisch ist leichter | G40: Kaverne & Gassäule
B41: Bohrloch ganz einphasig (Grenzfall) | D41: Kopf ≥ 73,8 bar (p_krit) | E41: Kopf ≥ 82,2 bar (Cricondenbar) | F41: Kavernendruck ab 171,2 bar (rein: 171,7 bar) | G41: Kaverne & Gassäule
B42: Leere Kaverne (70 bar unten) | D42: Kopf 45,0 bar, 0–236 m zweiphasig | E42: Kopf 50,7 bar, 0–82 m zweiphasig | F42: Zweiphasengebiet im oberen Bohrloch kleiner, aber vorhanden | G42: Kaverne & Gassäule
B43: Kritische Temperatur | D43: 31,0 °C | E43: 28,0 °C | F43: Kühlung unter 28 °C nötig, sonst ist das Gemisch vor der Pumpe überkritisch | G43: Einspeicherung S2
B44: Dichte am Kavernenboden (210 bar, 46 °C) | D44: 817,6 kg/m³ | E44: 756,0 kg/m³ | F44: -7,5 % Masse je m³ Kavernenvolumen | G44: Kaverne & Gassäule
B46: Alte und neue Verdichtung (S2, gasförmige Anlieferung 30 bar / 15 °C)
D47: alte Verdichtung (wie reines CO₂) | E47: neue Verdichtung (Gemisch) | F47: Warum
B48: Enddruck Verdichtung = Druck beim Kühlen auf 20 °C | D48: 60 bar | E48: 90 bar | F48: Cricondenbar 82,2 bar + 3 bar Unsicherheit = 85,2 bar Minimum
B49: Verdichterstufen | D49: 1 Stufe | E49: 2 Stufen (Zwischenkühlung auf 20 °C) | F49: 1 Stufe bis 90 bar: 111,6 °C > 95 °C (Q-016)
B50: Austrittstemperatur Verdichter | D50: 73,7 °C | E50: 60,9 / 65,2 °C | F50: höchstens 95 °C je Stufe (Q-016)
B51: Zwischendruck | D51: – | E51: 52,0 bar | F51: gasförmig: ≤ Taudruck(20 °C) − 3 = 60,4 bar
B52: Zustand nach Kühlung auf 20 °C | D52: gasförmig ✘ | E52: dicht (flüssig) ✔ | F52: alt: 3,4 bar unter der Taulinie (63,4 bar) – nichts kondensiert, die Pumpe kann Gas nicht fördern; neu: 7,8 bar über der Cricondenbar
B53: Spezifische Arbeit Verdichter + Pumpe | D53: – (Kette funktioniert nicht) | E53: 62,8 kJ/kg | F53: reines CO₂ (alt, 1 Stufe): 46,4 kJ/kg; Durchverdichten Gemisch: 72,9 kJ/kg
B54: Druck am Bohrlochkopf | D54: – | E54: 114,9 bar (Pumpe, 24,4 °C) | F54: wird mit der neuen Kette erreicht

Sheet Kaverne & Gassäule
B1: Kaverne & Gassäule – welcher Druck muss am Bohrlochkopf anliegen?
B2: Einspeicherung, Kaverne V1 (tief) · Stillstand: Temperatur = Gebirgstemperatur · Worst-Case-Gemisch
B3: ← zur Übersicht
B4: WAS WIRD BERECHNET? Die Kaverne legt fest, welcher Druck unten an der LCCS (letzte zementierte Rohrtour) höchstens anliegen darf: 210 bar. Gesucht ist der Druck, den die Anlage dafür oben am Bohrlochkopf liefern muss. WARUM? Zwischen Kopf und Kaverne steht eine 1200 m hohe Säule aus dem CO₂-Gemisch. Ihr Gewicht erhöht den Druck nach unten: dp/dz = ρ(p,T) · g. WIE WIRD GERECHNET? Die Dichte ρ hängt selbst von Druck und Temperatur ab – deshalb wird die Säule in 600 Schritten à 2 m gerechnet, in jedem Schritt mit neuer Dichte aus CoolProp (Gemisch). Temperatur = Gebirgstemperatur T(z) = T₀ + grad T · z (Stillstand). Gerechnet wird von unten (bekannter Kavernendruck) nach oben – das Ergebnis ist direkt der Kopfdruck. GRENZFALL: Mit dem Sekantenverfahren wird der Kavernendruck gesucht, bei dem der Kopfdruck genau die Cricondenbar des Gemischs ist (82,2 bar = höchster Druck des Zweiphasengebiets; bei reinem CO₂ war es p_krit = 73,8 bar). Darüber bleibt das ganze Bohrloch einphasig, darunter kann sich im oberen Bohrloch eine Gasphase bilden. ERGEBNIS: Für 210 bar unten sind 114,9 bar am Kopf nötig – die Säule liefert rund 95 bar (reines CO₂: 107,6 bar bzw. 102 bar). Das Gemisch ist leichter, deshalb muss die Anlage oben mehr Druck aufbringen.
B6: Kavernenparameter
B7: Größe | C7: Kaverne V1 (tief) | D7: Kaverne V2 (flach) | E7: Einheit
B8: Teufe (LCCS) | C8: =z_V1 -> 1200 | E8: m
B9: Gebirgstemperatur Oberfläche | C9: =Tober_V1 -> 10 | E9: °C
B10: Geothermischer Gradient | C10: =grad_V1 -> 0.03 | E10: K/m
B11: Kavernentemperatur | C11: =T_Kav_V1 -> 46 | E11: °C
B12: Maximaldruck an der LCCS | C12: =pmax_V1 -> 210 | E12: bar
B13: Minimaldruck an der LCCS | C13: =pmin_V1 -> 70 | E13: bar
B14: Werte kommen von der Übersicht. Spalte V2 bleibt frei, bis die flache Kaverne festgelegt ist.
B16: Ergebnis: drei Füllstände der Kaverne
B17: Fall | C17: Druck unten (LCCS) [bar] | D17: Kopfdruck [bar] | E17: T am Kopf [°C] | F17: ρ Kopf [kg/m³] | G17: ρ unten [kg/m³] | H17: Säulengewinn [bar] | I17: Bedeutung
B18: voll (p_max) | C18: 210 | D18: 114.9313 | E18: 10 | F18: 865.00462 | G18: 755.95384 | H18: =C18-D18 -> 95.068698 | I18: Zieldruck für die Einspeicherung
B19: Grenzfall | C19: 171.19473 | D19: 82.177594 | E19: 10 | F19: 825.29682 | G19: 695.90622 | H19: =C19-D19 -> 89.017136 | I19: Kopfdruck = Cricondenbar (82,2 bar): ab hier ist das Bohrloch ganz einphasig
B20: leer (p_min) | C20: 70 | D20: 50.705459 | E20: 10 | F20: 208.63402 | G20: 166.94226 | H20: =C20-D20 -> 19.294541 | I20: Kopf 50,7 bar → zweiphasig 0–82 m (reines CO₂: 45,0 bar, 0–236 m)
B22: Diagramme – Darstellung nach Buzogany & Kruck (2022), Fig. 3 (dort 1150 m Teufe, hier Kaverne V1 mit 1200 m)
B23: HIER ZUM STILLSTAND: Die Gassäulen gelten für ruhendes CO₂ mit Gebirgstemperatur und für die drei Füllstände nach Q-028 (Buzogany & Kruck 2022, Fig. 3: voll, Grenzfall, leer). Was Injektion und Ausspeicherung für das Fenster bedeuten (Reibungsdruckverlust im Strang, Wärmeaustausch mit dem Gebirge, Erwärmung bzw. Abkühlung in der Kaverne, Drosselung beim Ausspeichern), ist hier NICHT dargestellt.
B47: Tiefenprofile (gerechnet in 2-m-Schritten, dargestellt alle 50 m)
B48: Teufe z [m] | C48: T [°C] | D48: p voll [bar] | E48: ρ voll [kg/m³] | F48: p Grenzfall [bar] | G48: ρ Grenzfall [kg/m³] | H48: p leer [bar] | I48: ρ leer [kg/m³]
B49: 0 | C49: 10 | D49: 114.9313 | E49: 865.00462 | F49: 82.177594 | G49: 825.29682 | H49: 50.705459 | I49: 208.63402
B50: 50 | C50: 11.5 | D50: 119.16101 | E50: 859.85865 | F50: 86.209692 | G50: 819.03601 | H50: 51.65963 | I50: 180.45339
B51: 100 | C51: 13 | D51: 123.36557 | E51: 854.75081 | F51: 90.211177 | G51: 812.81436 | H51: 52.470045 | I51: 158.26745
B52: 150 | C52: 14.5 | D52: 127.54518 | E52: 849.68334 | F52: 94.182258 | G52: 806.63793 | H52: 53.247139 | I52: 158.58157
B53: 200 | C53: 16 | D53: 131.70005 | E53: 844.65845 | F53: 98.123172 | G53: 800.51281 | H53: 54.025824 | I53: 158.91436
B54: 250 | C54: 17.5 | D54: 135.83037 | E54: 839.67828 | F54: 102.03419 | G54: 794.4451 | H54: 54.806181 | I54: 159.26271
B55: 300 | C55: 19 | D55: 139.93639 | E55: 834.74497 | F55: 105.9156 | G55: 788.4408 | H55: 55.588282 | I55: 159.62407
B56: 350 | C56: 20.5 | D56: 144.01834 | E56: 829.86064 | F56: 109.76773 | G56: 782.50579 | H56: 56.372183 | I56: 159.9963
B57: 400 | C57: 22 | D57: 148.07646 | E57: 825.0274 | F57: 113.59095 | G57: 776.64564 | H57: 57.157934 | I57: 160.37761
B58: 450 | C58: 23.5 | D58: 152.111 | E58: 820.24733 | F58: 117.38562 | G58: 770.86559 | H58: 57.945576 | I58: 160.76647
B59: 500 | C59: 25 | D59: 156.12224 | E59: 815.52247 | F59: 121.15215 | G59: 765.17044 | H59: 58.735141 | I59: 161.1616
B60: 550 | C60: 26.5 | D60: 160.11045 | E60: 810.85475 | F60: 124.89098 | G60: 759.56449 | H60: 59.526657 | I60: 161.5619
... B73: 1200 | C73: 46 | D73: 210 | E73: 755.95384 | F73: 171.19473 | G73: 695.90622 | H73: 70 | I73: 166.94226
B74: Schraffierte Felder: Zweiphasengebiet des Gemischs (Q-028: „multiphase region“). Beim leeren Fall liegt das Bohrloch von 0 bis ca. 82 m zwischen Tau- und Blasenlinie. Anders als bei reinem CO₂ ist der Druck dort nicht auf eine Linie festgelegt – ein Gemisch verdampft über ein Druckband. Die Dichte ist die Gleichgewichtsdichte bei homogen verteilten Phasen; im Stillstand würden sich Gas und Flüssigkeit trennen, die Werte sind dort Richtwerte.
B76: Hinweis: Das Arbeitsgas (nutzbare CO₂-Menge zwischen voll und leer) wird bewusst erst später betrachtet.

Sheet Medienvergleich
B1: Medienvergleich – warum CO₂ oben weniger Druck braucht
B2: Gleiche Kaverne (Ziel 210 bar unten, Gebirge 10 °C + 0,03 K/m), gleiche Rechnung – nur das Medium ist anders
B3: ← zur Übersicht
B4: IDEE: Je schwerer die Säule im Bohrloch, desto mehr Druck liefert sie und desto weniger muss die Anlage oben aufbringen. Das CO₂-Gemisch ist unter diesen Bedingungen dicht (756–865 kg/m³; reines CO₂ 820–930 kg/m³), Erdgas und Wasserstoff bleiben Gase (Erdgas ~150 kg/m³, Wasserstoff ~15 kg/m³). FOLGE: Für das CO₂-Gemisch reicht eine Pumpe auf ~115 bar (reines CO₂ ~108 bar). Erdgas- und Wasserstoffspeicher brauchen Verdichter fast bis zum vollen Kavernendruck. Rechnung wie auf Blatt „Kaverne & Gassäule“: dp/dz = ρ(p,T) · g, von unten nach oben, Dichte aus CoolProp (CO₂: Worst-Case-Gemisch, Methan als Erdgas-Ersatz, reiner Wasserstoff). Der Zieldruck unten bleibt für alle Teufen bewusst bei 210 bar, damit nur der Effekt der Säule sichtbar wird.
B6: 1) Nötiger Kopfdruck über der Teufe (210 bar unten)
B7: Teufe [m] | C7: CO₂-Gemisch [bar] | D7: Erdgas CH₄ [bar] | E7: Wasserstoff H₂ [bar] | F7: Ziel unten [bar]
B8: 600 | C8: 158.49008 | D8: 200.16601 | E8: 209.09501 | F8: =pmax_V1 -> 210
B9: 800 | C9: 142.98603 | D9: 197.20927 | E9: 208.805 | F9: =pmax_V1 -> 210
B10: 1000 | C10: 128.4373 | D10: 194.39268 | E10: 208.52047 | F10: =pmax_V1 -> 210
B11: 1200 | C11: 114.9313 | D11: 191.70534 | E11: 208.24119 | F11: =pmax_V1 -> 210
B12: 1400 | C12: 102.56219 | D12: 189.13736 | E12: 207.96699 | F12: =pmax_V1 -> 210
B13: 1600 | C13: 91.42468 | D13: 186.67971 | E13: 207.69769 | F13: =pmax_V1 -> 210
B14: CO₂-Gemisch: 67 bar weniger Kopfdruck zwischen 600 und 1600 m (reines CO₂: 74 bar) – Erdgas und Wasserstoff profitieren kaum von der Teufe.
B16: 2) Kennzahlen bei 1200 m Teufe
B17: Medium | C17: Kopfdruck [bar] | D17: Säulengewinn [bar] | E17: ρ Kopf [kg/m³] | F17: ρ unten [kg/m³] | G17: Übertagetechnik
B18: CO₂-Gemisch | C18: 114.9313 | D18: =pmax_V1-C18 -> 95.068698 | E18: 865.00462 | F18: 755.95384 | G18: Pumpe (91 → 115 bar)
B19: Erdgas (CH₄) | C19: 191.70534 | D19: =pmax_V1-C19 -> 18.294657 | E19: 167.47194 | F19: 145.17947 | G19: Verdichter bis ~192 bar
B20: Wasserstoff (H₂) | C20: 208.24119 | D20: =pmax_V1-C20 -> 1.7588088 | E20: 15.728831 | F20: 14.210688 | G20: Verdichter bis ~208 bar
B21: Bei Erdgas und Wasserstoff ist die Dichte unten kleiner als oben: der Temperaturanstieg überwiegt den Druckanstieg.
B23: 3) Druck- und Dichteprofile über die Teufe (Kaverne V1, 1200 m – gerechnet in 2-m-Schritten, dargestellt alle 50 m)
B24: Teufe z [m] | C24: p CO₂-Gemisch [bar] | D24: ρ CO₂-Gemisch [kg/m³] | E24: p CH₄ [bar] | F24: ρ CH₄ [kg/m³] | G24: p H₂ [bar] | H24: ρ H₂ [kg/m³]
B25: 0 | C25: 114.9313 | D25: 865.00462 | E25: 191.70534 | F25: 167.47194 | G25: 208.24119 | H25: 15.728831
B26: 50 | C26: 119.16101 | D26: 859.85865 | E26: 192.5238 | F26: 166.30248 | G26: 208.31816 | H26: 15.658526
B27: 100 | C27: 123.36557 | D27: 854.75081 | E27: 193.33659 | F27: 165.15879 | G27: 208.39479 | H27: 15.588903
B28: 150 | C28: 127.54518 | D28: 849.68334 | E28: 194.14383 | F28: 164.0401 | G28: 208.47108 | H28: 15.519951
B29: 200 | C29: 131.70005 | D29: 844.65845 | E29: 194.94564 | F29: 162.94567 | G29: 208.54703 | H29: 15.451659
B30: 250 | C30: 135.83037 | D30: 839.67828 | E30: 195.74215 | F30: 161.87476 | G30: 208.62264 | H30: 15.384018
B31: 300 | C31: 139.93639 | D31: 834.74497 | E31: 196.53346 | F31: 160.82667 | G31: 208.69793 | H31: 15.317018
B32: 350 | C32: 144.01834 | D32: 829.86064 | E32: 197.31969 | F32: 159.80073 | G32: 208.77289 | H32: 15.25065
B33: 400 | C33: 148.07646 | D33: 825.0274 | E33: 198.10094 | F33: 158.79625 | G33: 208.84753 | H33: 15.184904
B34: 450 | C34: 152.111 | D34: 820.24733 | E34: 198.87732 | F34: 157.81261 | G34: 208.92184 | H34: 15.119771
B35: 500 | C35: 156.12224 | D35: 815.52247 | E35: 199.64893 | F35: 156.84918 | G35: 208.99584 | H35: 15.055243
B36: 550 | C36: 160.11045 | D36: 810.85475 | E36: 200.41586 | F36: 155.90536 | G36: 209.06952 | H36: 14.99131
... B49: 1200 | C49: 210 | D49: 755.95384 | E49: 210 | F49: 145.17947 | G49: 210 | H49: 14.210688
B50: Gleiche Rechnung wie auf Blatt „Kaverne & Gassäule“ (Fall voll): von 210 bar unten nach oben integriert, Gebirge 10 °C + 0,03 K/m.

Sheet Einspeicherung S1
B1: Einspeicherung S1 – Anlieferung in dichter Phase: Pumpe (Worst-Case-Gemisch)
B2: Netzübergabe → Messtechnik/Filtration → Pumpe → Bohrlochkopf
B3: ← zur Übersicht
B4: AUSGANGSLAGE: Das CO₂-Gemisch kommt dicht (flüssigkeitsähnlich) aus der Fernleitung: 91 bar, 15 °C. Es liegt 19 bar über der Blasenlinie und 8,8 bar über der Cricondenbar – sicher außerhalb der Unsicherheit der Phasengrenze (±3 bar). ZIEL: 114,9 bar am Bohrlochkopf – vorgegeben durch die Kaverne (Blatt „Kaverne & Gassäule“). WARUM EINE PUMPE? Das Gemisch ist bereits dicht und kaum kompressibel. Eine Pumpe genügt, ein Verdichter wäre nur für Gas nötig. RECHENWEG: (1) Zustand am Eintritt → Enthalpie h₁, Entropie s₁. (2) Idealfall: isentrope Druckerhöhung (Entropie bleibt gleich) → h₂s. (3) Realfall mit Verlusten über den isentropen Wirkungsgrad: h₂ = h₁ + (h₂s − h₁) / η. (4) Aus p₂ und h₂ → Austrittstemperatur T₂. (5) Spezifische Arbeit w = h₂ − h₁, Leistung P = ṁ · w. BEGRIFF: isentrop = Entropie konstant (Pumpe, Verdichter). Nicht verwechseln mit isenthalp = Enthalpie konstant (Drossel bei der Ausspeicherung). ANNAHMEN: η = 0,80 (eigene Annahme, vgl. Q-016: Verdichter 84–76 %, Glykolpumpe 70 %); kein Druckverlust in Messtechnik und Filtration; Worst-Case-Gemisch (Enthalpien haben einen anderen Nullpunkt als bei reinem CO₂ – vergleichbar sind nur Differenzen).
B6: Rechenschritte
B7: Nr. | C7: Rechenschritt | D7: Formel / Funktion | E7: Wert | F7: Einheit | G7: Art des Werts
B8: 1 | C8: Eintrittsdruck | D8: = Übergabedruck S1 | E8: =p_S1 -> 91 | F8: bar | G8: aus anderem Blatt
B9: 2 | C9: Eintrittstemperatur | D9: = Übergabetemperatur S1 | E9: =T_S1 -> 15 | F9: °C | G9: aus anderem Blatt
B10: 3 | C10: Enthalpie Eintritt h₁ | D10: CoolProp: H(p₁, T₁) | E10: 246.62641 | F10: kJ/kg | G10: CoolProp (fest)
B11: 4 | C11: Entropie Eintritt s₁ | D11: CoolProp: S(p₁, T₁) | E11: 1.2726354 | F11: kJ/(kg·K) | G11: CoolProp (fest)
B12: 5 | C12: Austrittsdruck p₂ (= Kopfdruck) | D12: aus Blatt „Kaverne & Gassäule“ | E12: =Kopf_voll -> 114.9313 | F12: bar | G12: aus anderem Blatt
B13: 6 | C13: Enthalpie isentrop h₂s | D13: CoolProp: H(p₂, s = s₁) | E13: 249.60522 | F13: kJ/kg | G13: CoolProp (fest)
B14: 7 | C14: Isentroper Wirkungsgrad η | D14: Annahme (Übersicht) | E14: =eta -> 0.8 | F14: – | G14: aus anderem Blatt
B15: 8 | C15: Enthalpie real h₂ | D15: h₂ = h₁ + (h₂s − h₁) / η | E15: =Szen1_h1+(Szen1_h2s-Szen1_h1)/eta -> 250.34992 | F15: kJ/kg | G15: Excel-Formel
B16: 9 | C16: Austrittstemperatur T₂ | D16: CoolProp: T(p₂, h₂) | E16: 18.395619 | F16: °C | G16: CoolProp (fest)
B17: 10 | C17: Phase am Austritt | D17: CoolProp: Phase(p₂, h₂) | E17: dicht (flüssig) | F17: – | G17: CoolProp (fest)
B18: 11 | C18: Spezifische Arbeit w | D18: w = h₂ − h₁ | E18: =Szen1_h2-Szen1_h1 -> 3.7235121 | F18: kJ/kg | G18: Ergebnis (Formel)
B19: 12 | C19: Normdichte Gemisch (0 °C; 1,01325 bar) | D19: CoolProp: D(p_n, T_n), DIN 1343 | E19: 1.934285 | F19: kg/m³ | G19: CoolProp (fest)
B20: 13 | C20: Massenstrom, unterer Fall | D20: ṁ = V_n,min · ρ_n / 3600 | E20: =V_min*rho_n/3600 -> 26.865069 | F20: kg/s | G20: Excel-Formel
B21: 14 | C21: Massenstrom, oberer Fall | D21: ṁ = V_n,max · ρ_n / 3600 | E21: =V_max*rho_n/3600 -> 53.730139 | F21: kg/s | G21: Excel-Formel
B22: 15 | C22: Pumpenleistung, unterer Fall | D22: P = ṁ · w | E22: =Szen1_mmin*Szen1_w -> 100.03241 | F22: kW | G22: Ergebnis (Formel)
B23: 16 | C23: Pumpenleistung, oberer Fall | D23: P = ṁ · w | E23: =Szen1_mmax*Szen1_w -> 200.06482 | F23: kW | G23: Ergebnis (Formel)
B24: Wird η auf der Übersicht geändert, rechnen h₂, w und P sofort mit. T₂ kommt aus CoolProp und färbt sich dann rot (veraltet).
B26: Zustandspunkte
C27: Punkt | D27: p [bar] | E27: T [°C] | F27: h [kJ/kg] | G27: Phase
C28: Netzübergabe / Pumpe ein | D28: 91 | E28: 15 | F28: 246.62641 | G28: dicht (flüssig)
C29: Pumpe aus / Bohrlochkopf | D29: 114.9313 | E29: 18.395619 | F29: 250.34992 | G29: dicht (flüssig)

Sheet Einspeicherung S2
B1: Einspeicherung S2 – gasförmige Anlieferung: verdichten, dicht kühlen, pumpen (Worst-Case-Gemisch)
B2: Netzübergabe → Messtechnik/Filtration → Verdichter → Kühler (dicht) → Pumpe → Bohrlochkopf
B3: ← zur Übersicht
B4: AUSGANGSLAGE: Das CO₂-Gemisch kommt gasförmig an: 30 bar, 15 °C (Annahme). Q-016: Bielka, Kuczyński, Nagy (2023): CO₂ Compression and Dehydration for Transport and Geological Storage. Energies 16, 1804 (AGH Krakau). Übersichtsarbeit zu Abscheidung, Trocknung, Transport und Speicherstandortwahl – plus eine eigene Prozesssimulation (BR&E ProMax, Peng-Robinson): CO₂ aus einer Rauchgasabscheidung (1,51 bar, 35 °C, 2,45 Mio. t/a ≈ 78 kg/s) wird in 5 Stufen auf 100 bar verdichtet, mit TEG getrocknet und auf 20 °C gekühlt – flüssig für den Pipelinetransport zu einer Speicherstätte in 30 km Entfernung (S. 5: 74 bar sind das Minimum, üblich 100 bar als Reserve für Druckverluste). Annahmen aus Q 16 (S. 4, Kap. 2.3): Kühlung auf 20 °C nach jeder Stufe · höchstens 95 °C nach jeder Stufe · Wirkungsgrad 84 % in Stufe 1, je weitere Stufe −2 % · zum Schluss Kühlung auf 20 °C → flüssig. Q-016 verdichtet für die Pipeline, hier für den Bohrlochkopf – das Druckniveau (100 bzw. 114,9 bar) und der Massenstrom (78 bzw. 27–54 kg/s) sind vergleichbar. NICHT übernommen: 45 bar Zwischendruck (für die TEG-Trocknung gewählt, Glykol schließt OGE aus). NEUE VERDICHTUNG BEIM GEMISCH: Reines CO₂ wird bei 60 bar und 20 °C verflüssigt (Dampfdruck 57,3 bar). Das Gemisch hat bei 20 °C ein Zweiphasengebiet von 63,4 bar (Taulinie) bis 76,7 bar (Blasenlinie) – bei 60 bar bliebe es gasförmig (alte Verdichtung, Blatt „Gemisch & Grenzen“). Deshalb wird über die Cricondenbar (82,2 bar = höchster Druck des Zweiphasengebiets) + 3 bar Unsicherheit verdichtet: p_V = 90 bar. Dort kühlt der Kühler von der Verdichteraustrittstemperatur auf 20 °C, ohne das Zweiphasengebiet zu berühren – das Gemisch geht stetig in die dichte Phase über, es wird nichts kondensiert (wie Q-016: Endstufe 100 bar, dann 20 °C). Danach bringt die Pumpe das dichte Gemisch auf 114,9 bar. ZAHL DER STUFEN: Eine Stufe bis 90 bar erreicht 111,6 °C und überschreitet die 95-°C-Grenze aus Q-016 (reines CO₂ bis 60 bar: 73,2 °C). Die zweistufige Variante unten ist deshalb Pflicht – sie spart außerdem 13% Arbeit. RECHENWEG: Verdichter und Pumpe wie in S1: isentrop + Wirkungsgrad, h_aus = h_ein + (h_s − h_ein) / η. Kühler: abgeführte Wärme je kg q = h_vor − h_nach. GRENZEN: 20 °C setzen Kühlwasser voraus. Mit Luftkühlung (ca. 35 °C) läge die Kühltemperatur über der kritischen Temperatur des Gemischs (28,0 °C): das Gemisch wäre dann vor der Pumpe überkritisch und deutlich weniger dicht.
B6: Rechenschritte
B7: Nr. | C7: Rechenschritt | D7: Formel / Funktion | E7: Wert | F7: Einheit | G7: Art des Werts
B8: Verdichter
B9: 1 | C9: Eintrittsdruck | D9: = Übergabe S2 | E9: =p_S2 -> 30 | F9: bar | G9: aus anderem Blatt
B10: 2 | C10: Eintrittstemperatur | D10: = Übergabe S2 | E10: =T_S2 -> 15 | F10: °C | G10: aus anderem Blatt
B11: 3 | C11: Austrittsdruck = Kühlerdruck p_V | D11: Annahme (Übersicht) | E11: =p_verfl -> 90 | F11: bar | G11: aus anderem Blatt
B12: 4 | C12: Enthalpie Eintritt | D12: CoolProp: H(p, T) | E12: 460.1284 | F12: kJ/kg | G12: CoolProp (fest)
B13: 5 | C13: Wirkungsgrad η_V1 | D13: Annahme (Übersicht), Q-016 | E13: =eta_V1 -> 0.84 | F13: – | G13: aus anderem Blatt
B14: 6 | C14: Enthalpie isentrop bei p_V | D14: CoolProp: H(p_V, s₁) | E14: 516.92152 | F14: kJ/kg | G14: CoolProp (fest)
B15: 7 | C15: Enthalpie real Austritt | D15: h = h_ein + (h_s − h_ein) / η_V1 | E15: =Szen2_h1+(Szen2_h1s-Szen2_h1)/eta_V1 -> 527.73926 | F15: kJ/kg | G15: Excel-Formel
B16: 8 | C16: Austrittstemperatur | D16: CoolProp: T(p_V, h) | E16: 111.64303 | F16: °C | G16: CoolProp (fest)
B17: 9 | C17: Prüfung 95-°C-Grenze (Q-016) | D17: T_aus ≤ T_max ? | E17: =IF(Szen2_T1a<=T_maxV,"✔ eingehalten – eine Stufe reicht","⚠ überschritten – weitere Stufe nötig") -> ⚠ überschritten – weitere Stufe nötig | F17: – | G17: Excel-Formel
B18: 10 | C18: Spezifische Arbeit Verdichter | D18: w_V = h_aus − h_ein | E18: =Szen2_h1a-Szen2_h1 -> 67.610855 | F18: kJ/kg | G18: Ergebnis (Formel)
B19: Kühler (dichte Phase)
B20: 11 | C20: Cricondenbar Gemisch | D20: CoolProp: höchster Druck der Phasengrenze | E20: 82.177594 | F20: bar | G20: CoolProp (fest)
B21: 12 | C21: Abstand p_V − Cricondenbar | D21: muss ≥ 3 bar sein, dann kein Zweiphasengebiet beim Kühlen | E21: =p_verfl-Szen2_psatK -> 7.8224057 | F21: bar | G21: Excel-Formel
B22: 13 | C22: Blasendruck bei T_K | D22: CoolProp: p(Q = 0, T_K) – Taudruck 63,4 bar | E22: 76.650851 | F22: °C | G22: CoolProp (fest)
B23: 14 | C23: Enthalpie nach Kühler | D23: CoolProp: H(p_V, T_K) | E23: 263.11082 | F23: kJ/kg | G23: CoolProp (fest)
B24: 15 | C24: Phase nach Kühler | D24: CoolProp: Phase(p_V, T_K) | E24: dicht (flüssig) | F24: – | G24: CoolProp (fest) | I24: S2 (2 Stufen) braucht rund 17-mal so viel Arbeit wie S1 – und rund 14% weniger als Durchverdichten. Beim Gemisch ist die zweite Verdichterstufe Pflicht (1 Stufe: 111,6 °C > 95 °C) und spart gegenüber einer Stufe 13%.
B25: 16 | C25: Abgeführte Wärme | D25: q = h_vor − h_nach | E25: =Szen2_h1a-Szen2_hV -> 264.62844 | F25: kJ/kg | G25: Excel-Formel
B26: Pumpe
B27: 17 | C27: Wirkungsgrad Pumpe η_P | D27: Annahme (Übersicht) | E27: =eta -> 0.8 | F27: – | G27: aus anderem Blatt
B28: 18 | C28: Enthalpie isentrop bei Kopfdruck | D28: CoolProp: H(p_Kopf, s(p_V, T_K)) | E28: 266.42357 | F28: kJ/kg | G28: CoolProp (fest)
B29: 19 | C29: Enthalpie real Austritt | D29: h = h_ein + (h_s − h_ein) / η_P | E29: =Szen2_hV+(Szen2_hPs-Szen2_hV)/eta -> 267.25176 | F29: kJ/kg | G29: Excel-Formel
B30: 20 | C30: Austrittstemperatur | D30: CoolProp: T(p_Kopf, h) | E30: 24.356423 | F30: °C | G30: CoolProp (fest)
B31: 21 | C31: Spezifische Arbeit Pumpe | D31: w_P = h_aus − h_ein | E31: =Szen2_hPa-Szen2_hV -> 4.1409405 | F31: kJ/kg | G31: Ergebnis (Formel)
B32: Summe
B33: 22 | C33: Spezifische Arbeit gesamt | D33: w = w_V + w_P | E33: =Szen2_w1+Szen2_wP -> 71.751796 | F33: kJ/kg | G33: Ergebnis (Formel)
B34: 23 | C34: Antriebsleistung, unterer Fall | D34: P = ṁ_min · w | E34: =Szen1_mmin*Szen2_w_ges -> 1927.617 | F34: kW | G34: Ergebnis (Formel)
B35: 24 | C35: Antriebsleistung, oberer Fall | D35: P = ṁ_max · w | E35: =Szen1_mmax*Szen2_w_ges -> 3855.234 | F35: kW | G35: Ergebnis (Formel)
B36: 25 | C36: Kühlleistung Kühler, oberer Fall | D36: Q = ṁ_max · q_V | E36: =Szen1_mmax*Szen2_qV -> 14218.523 | F36: kW | G36: Ergebnis (Formel)
B37: Massenstrom wie in S1 (gleicher Normvolumenstrom). Wird η geändert, rechnen alle weißen Werte mit; graue Stoffwerte färben sich rot.
B39: Variante: zweistufige Verdichtung bis zum Kühlerdruck p_V (sonst wie Basisfall)
B40: AUFBAU: Stufe 1 30 → 52,0 bar, Zwischenkühlung auf 20 °C (das Gemisch bleibt gasförmig: Taudruck bei 20 °C = 63,4 bar), Stufe 2 → 90 bar. Zwischendruck mit gleichem Druckverhältnis in beiden Stufen: p_zw = √(p_ein · p_V). Wirkungsgrade 84 / 82 % (Q-016). Kühler und Pumpe wie im Basisfall. Beim Gemisch ist diese Variante Pflicht (95-°C-Grenze).
B41: Nr. | C41: Rechenschritt | D41: Formel / Funktion | E41: Wert | F41: Einheit | G41: Art des Werts
B42: Verdichter 1. Stufe
B43: 1 | C43: Zwischendruck | D43: p_zw = √(p_ein · p_V) | E43: =SQRT(p_S2*p_verfl) -> 51.961524 | F43: bar | G43: Excel-Formel
B44: 2 | C44: Enthalpie Eintritt | D44: wie Basisfall | E44: =Szen2_h1 -> 460.1284 | F44: kJ/kg | G44: aus anderem Blatt
B45: 3 | C45: Enthalpie isentrop | D45: CoolProp: H(p_zw, s_ein) | E45: 486.76138 | F45: kJ/kg | G45: CoolProp (fest)
B46: 4 | C46: Enthalpie real Austritt | D46: h = h_ein + (h_s − h_ein) / η_V1 | E46: =Szen2_h1+(Szen2v_h1s-Szen2_h1)/eta_V1 -> 491.83432 | F46: kJ/kg | G46: Excel-Formel
B47: 5 | C47: Austrittstemperatur | D47: CoolProp: T(p_zw, h) | E47: 60.87327 | F47: °C | G47: CoolProp (fest)
B48: 6 | C48: Spezifische Arbeit Stufe 1 | D48: w₁ = h_aus − h_ein | E48: =Szen2v_h1a-Szen2_h1 -> 31.705923 | F48: kJ/kg | G48: Ergebnis (Formel)
B49: Zwischenkühler
B50: 7 | C50: Enthalpie nach Kühler | D50: CoolProp: H(p_zw, T_K) | E50: 430.80174 | F50: kJ/kg | G50: CoolProp (fest)
B51: 8 | C51: Abgeführte Wärme | D51: q = h_vor − h_nach | E51: =Szen2v_h1a-Szen2v_hZK -> 61.032582 | F51: kJ/kg | G51: Excel-Formel
B52: Verdichter 2. Stufe
B53: 9 | C53: Wirkungsgrad η_V2 | D53: Annahme (Übersicht), Q-016 | E53: =eta_V2 -> 0.82 | F53: – | G53: aus anderem Blatt
B54: 10 | C54: Enthalpie isentrop bei p_V | D54: CoolProp: H(p_V, s(p_zw, T_K)) | E54: 452.87926 | F54: kJ/kg | G54: CoolProp (fest)
B55: 11 | C55: Enthalpie real Austritt | D55: h = h_ein + (h_s − h_ein) / η_V2 | E55: =Szen2v_hZK+(Szen2v_h2s-Szen2v_hZK)/eta_V2 -> 457.72554 | F55: kJ/kg | G55: Excel-Formel
B56: 12 | C56: Austrittstemperatur | D56: CoolProp: T(p_V, h) | E56: 65.202953 | F56: °C | G56: CoolProp (fest)
B57: 13 | C57: Spezifische Arbeit Stufe 2 | D57: w₂ = h_aus − h_ein | E57: =Szen2v_h2a-Szen2v_hZK -> 26.923798 | F57: kJ/kg | G57: Ergebnis (Formel)
B58: Kühler und Pumpe wie Basisfall
B59: 14 | C59: Abgeführte Wärme Kühler | D59: q = h_vor − h_nach | E59: =Szen2v_h2a-Szen2_hV -> 194.61472 | F59: kJ/kg | G59: Excel-Formel
B60: 15 | C60: Spezifische Arbeit Pumpe | D60: wie Basisfall | E60: =Szen2_wP -> 4.1409405 | F60: kJ/kg | G60: aus anderem Blatt
B61: Summe Variante
B62: 16 | C62: Spezifische Arbeit gesamt | D62: w = w₁ + w₂ + w_P | E62: =Szen2v_w1+Szen2v_w2+Szen2_wP -> 62.770661 | F62: kJ/kg | G62: Ergebnis (Formel)
B63: 17 | C63: Antriebsleistung, oberer Fall | D63: P = ṁ_max · w | E63: =Szen1_mmax*Szen2v_w_ges -> 3372.6763 | F63: kW | G63: Ergebnis (Formel)
B64: 18 | C64: Ersparnis gegenüber 1 Stufe | D64: 1 − w_Variante / w_Basis | E64: =1-Szen2v_w_ges/Szen2_w_ges -> 0.12516947 | F64: – | G64: Ergebnis (Formel)
B67: Vergleich: Durchverdichten (2 Verdichterstufen bis zum Kopfdruck, ohne Pumpe)
B68: FRAGE: Warum nicht einfach gasförmig bis 114,9 bar durchverdichten, statt dicht zu kühlen und zu pumpen? AUFBAU nach denselben Regeln aus Q-016: Zwischenkühlung auf 20 °C, höchstens 95 °C je Stufe, Wirkungsgrade 84 / 82 %. Der Zwischendruck muss mit 3 bar Abstand unter dem Taudruck des Gemischs bei 20 °C bleiben (63,4 − 3 = 60,4 bar; reines CO₂: 57,3 bar), sonst beginnt die Kondensation schon im Zwischenkühler; und die zweite Stufe darf 95 °C nicht überschreiten (ab 48,1 bar). Daraus folgt ein zulässiger Bereich von ca. 48–60 bar – gewählt wie bei reinem CO₂ 50 bar. FAIRER VERGLEICH: Am Ende kühlt ein Nachkühler auf denselben Endzustand wie S2 (gleicher Druck, gleiche Temperatur).
B69: Nr. | C69: Rechenschritt | D69: Formel / Funktion | E69: Wert | F69: Einheit | G69: Art des Werts
B70: Verdichter 1. Stufe
B71: 1 | C71: Eintrittsdruck | D71: = Übergabe S2 | E71: =p_S2 -> 30 | F71: bar | G71: aus anderem Blatt
B72: 2 | C72: Zwischendruck | D72: Annahme (Übersicht) | E72: =p_zw -> 50 | F72: bar | G72: aus anderem Blatt
B73: 3 | C73: Enthalpie Eintritt | D73: wie S2 | E73: =Szen2_h1 -> 460.1284 | F73: kJ/kg | G73: aus anderem Blatt
B74: 4 | C74: Wirkungsgrad η_V1 | D74: Annahme (Übersicht), Q-016 | E74: =eta_V1 -> 0.84 | F74: – | G74: aus anderem Blatt
B75: 5 | C75: Enthalpie isentrop | D75: CoolProp: H(p_zw, s_ein) | E75: 484.78843 | F75: kJ/kg | G75: CoolProp (fest)
B76: 6 | C76: Enthalpie real Austritt | D76: h = h_ein + (h_s − h_ein) / η_V1 | E76: =Szen2_h1+(Dv_h1s-Szen2_h1)/eta_V1 -> 489.48558 | F76: kJ/kg | G76: Excel-Formel
B77: 7 | C77: Austrittstemperatur | D77: CoolProp: T(p_zw, h) | E77: 57.499984 | F77: °C | G77: CoolProp (fest)
B78: 8 | C78: Spezifische Arbeit Stufe 1 | D78: w₁ = h_aus − h_ein | E78: =Dv_h1a-Szen2_h1 -> 29.357183 | F78: kJ/kg | G78: Ergebnis (Formel)
B79: Zwischenkühler
B80: 9 | C80: Prüfung: noch gasförmig? | D80: p_zw ≤ p_Tau(T_K) − 3 bar ? | E80: =IF(p_zw<=p_tau_TK-U_PG,"✔ gasförmig (≥ 3 bar unter der Taulinie)","⚠ zu nah an der Taulinie – Zwischendruck senken") -> ✔ gasförmig (≥ 3 bar unter der Taulinie) | F80: – | G80: Excel-Formel
B81: 10 | C81: Enthalpie nach Kühler | D81: CoolProp: H(p_zw, T_K) | E81: 434.81473 | F81: kJ/kg | G81: CoolProp (fest)
B82: 11 | C82: Abgeführte Wärme | D82: q = h_vor − h_nach | E82: =Dv_h1a-Dv_hZK1 -> 54.670855 | F82: kJ/kg | G82: Excel-Formel
B83: Verdichter 2. Stufe
B84: 12 | C84: Austrittsdruck (= Kopfdruck) | D84: aus Blatt „Kaverne & Gassäule“ | E84: =Kopf_voll -> 114.9313 | F84: bar | G84: aus anderem Blatt
B85: 13 | C85: Wirkungsgrad η_V2 | D85: Annahme (Übersicht), Q-016 | E85: =eta_V2 -> 0.82 | F85: – | G85: aus anderem Blatt
B86: 14 | C86: Enthalpie isentrop | D86: CoolProp: H(p_Kopf, s(p_zw, T_K)) | E86: 470.51871 | F86: kJ/kg | G86: CoolProp (fest)
B87: 15 | C87: Enthalpie real Austritt | D87: h = h_ein + (h_s − h_ein) / η_V2 | E87: =Dv_hZK1+(Dv_h2s-Dv_hZK1)/eta_V2 -> 478.35617 | F87: kJ/kg | G87: Excel-Formel
B88: 16 | C88: Austrittstemperatur | D88: CoolProp: T(p_Kopf, h) | E88: 90.810086 | F88: °C | G88: CoolProp (fest)
B89: 17 | C89: Prüfung 95-°C-Grenze (Q-016) | D89: T_aus ≤ T_max ? | E89: =IF(Dv_T2a<=T_maxV,"✔ eingehalten","⚠ überschritten – Zwischendruck erhöhen") -> ✔ eingehalten | F89: – | G89: Excel-Formel
B90: 18 | C90: Spezifische Arbeit Stufe 2 | D90: w₂ = h_aus − h_ein | E90: =Dv_h2a-Dv_hZK1 -> 43.541441 | F90: kJ/kg | G90: Ergebnis (Formel)
B91: Nachkühler (auf denselben Endzustand wie S2)
B92: 19 | C92: Temperatur nach Nachkühler | D92: = Pumpenaustritt S2 | E92: =Szen2_TPa -> 24.356423 | F92: °C | G92: aus anderem Blatt
B93: 20 | C93: Enthalpie nach Nachkühler | D93: CoolProp: H(p_Kopf, T) | E93: 267.25176 | F93: kJ/kg | G93: CoolProp (fest)
B94: 21 | C94: Abgeführte Wärme | D94: q = h_vor − h_nach | E94: =Dv_h2a-Dv_hN -> 211.10441 | F94: kJ/kg | G94: Excel-Formel
B95: Summe Durchverdichten
B96: 22 | C96: Spezifische Arbeit gesamt | D96: w = w₁ + w₂ | E96: =Dv_w1+Dv_w2 -> 72.898624 | F96: kJ/kg | G96: Ergebnis (Formel)
B97: 23 | C97: Abgeführte Wärme gesamt | D97: q = q_ZK + q_N | E97: =Dv_qZK1+Dv_qN -> 265.77526 | F97: kJ/kg | G97: Ergebnis (Formel)
B98: 24 | C98: Antriebsleistung, oberer Fall | D98: P = ṁ_max · w | E98: =Szen1_mmax*Dv_w_ges -> 3916.8532 | F98: kW | G98: Ergebnis (Formel)
B101: Vergleich: spezifische Arbeit und abgeführte Wärme bis zum Bohrlochkopf
C102: Komponente | D102: S1 dichte Phase - Pumpe | E102: S2 Basisfall: 1 Stufe (> 95 °C!) + Kühler + Pumpe | F102: S2 Variante: 2 Stufen + Kühler + Pumpe | G102: Vergleich: Durchverdichten
C103: Verdichter 1. Stufe | D103: 0 | E103: =Szen2_w1 -> 67.610855 | F103: =Szen2v_w1 -> 31.705923 | G103: =Dv_w1 -> 29.357183
C104: Verdichter 2. Stufe | D104: 0 | E104: 0 | F104: =Szen2v_w2 -> 26.923798 | G104: =Dv_w2 -> 43.541441
C105: Pumpe | D105: =Szen1_w -> 3.7235121 | E105: =Szen2_wP -> 4.1409405 | F105: =Szen2_wP -> 4.1409405 | G105: 0
C106: Summe Arbeit [kJ/kg] | D106: =SUM(D103:D105) -> 3.7235121 | E106: =SUM(E103:E105) -> 71.751796 | F106: =SUM(F103:F105) -> 62.770661 | G106: =SUM(G103:G105) -> 72.898624
...

Sheet Phasendiagramm
B1: Phasendiagramm – Prozesspfade der Einspeicherung und Betriebsfenster von Bohrloch und Kaverne (Worst-Case-Gemisch)
B2: Worst-Case-Gemisch (95 % CO₂ + 5 % Begleitstoffe) · Stoffdaten CoolProp (GERG-2008-Mischungsregel) · Fest-Gebiet, Sublimations- und Schmelzlinie: Näherung reines CO₂ (Span & Wagner 1996)
B3: ← zur Übersicht
B4: Diagramm 1 – Einspeicherung: von der Netzübergabe bis zum Bohrlochkopf
B36: DIAGRAMM 1: Farbflächen = Phasengebiete des Gemischs, rot = Zweiphasengebiet (reines CO₂ hat nur eine Linie, grau zum Vergleich). Rot gestrichelt = ±3 bar Unsicherheit der Phasengrenze. Grün = S1 (Pumpe). Blau = S2 Basisfall (1 Stufe bis 90 bar, 111,6 °C > 95 °C, Kühler dicht auf 20 °C, Pumpe). Grau gestrichelt = alte Verdichtung wie reines CO₂ (60 bar) – bleibt beim Gemisch gasförmig, die Pumpe könnte nicht fördern. Hellblau gepunktet = S2-Variante mit 2 Stufen (beim Gemisch Pflicht). Violett gestrichelt = Durchverdichten (2 Stufen bis 114,9 bar, dann Nachkühler). ENDPUNKT: Alle Pfade enden am Bohrlochkopf bei 114,9 bar (reines CO₂: 107,6 bar). Diagramm 2 zeigt Bohrloch und Kaverne – nur im Stillstand.
B39: Diagramm 2 – Bohrloch und Kaverne im Stillstand: Betriebsfenster (nur Stillstand, 3 Füllstände nach Q-028)
B40: NUR STILLSTAND: Die Gassäulen gelten für ruhendes CO₂ mit Gebirgstemperatur und für die drei Füllstände nach Q-028 (Buzogany & Kruck 2022, Fig. 3: voll, Grenzfall, leer). Was Injektion und Ausspeicherung für das Fenster bedeuten (Reibungsdruckverlust im Strang, Wärmeaustausch mit dem Gebirge, Erwärmung bzw. Abkühlung in der Kaverne, Drosselung beim Ausspeichern), ist hier NICHT dargestellt.
B72: DIAGRAMM 2: Jede gestrichelte Linie ist eine Gassäule – ein Füllstand der Kaverne im Stillstand. Sie läuft vom Bohrlochkopf (grauer Balken, 0 m, 10 °C) bis zur Kaverne (dunkelblauer Balken, 1200 m, 46 °C). Jeder Punkt auf der Linie ist eine Teufe: oben kalt und niedriger Druck, unten warm und hoher Druck. BETRIEBSFENSTER IM STILLSTAND: Der Bereich zwischen der Linie „voll“ (oben) und der Linie „leer“ (unten), links begrenzt durch den Kopf-Balken und rechts durch den Kavernen-Balken. WICHTIG BEI LEERER KAVERNE: 70 bar unten ergeben oben 50,7 bar (reines CO₂: 45,0 bar). Das obere Bohrloch (0–82 m) liegt dann im Zweiphasengebiet des Gemischs. Erst ab ca. 171,2 bar Kavernendruck (Grenzfall: Kopf = Cricondenbar 82,2 bar) bleibt das ganze Bohrloch einphasig. KAVERNE SELBST: Bei 46 °C liegt sie immer über der Cricondentherm des Gemischs (28,1 °C) – dort gibt es keine Flüssigphase. Über 81,5 bar ist das Gemisch überkritisch, bei 70 bar gasförmig. STILLSTAND VS. BETRIEB: Die Gassäulen sind mit Gebirgstemperatur gerechnet (Kopf 10 °C) und gelten nur, solange nichts fließt. Beim Einspeichern kommt das Gemisch wärmer aus der Pumpe (S1 18,4 °C, S2 24,4 °C).

Sheet Quellen
B1: Quellen
B2: Herkunft der Annahmen und Stoffdaten dieser Mappe (IDs wie in der Quellen- und Wissensmatrix)
B3: ← zur Übersicht
B4: ID | C4: Quelle | D4: Verwendet für
B5: Q-001 | C5: DVGW (2024): C 260 (A) – Properties of Carbon Dioxide and Carbon Dioxide Streams. Entwurf. | D5: Kritischer Punkt, Stoffeigenschaften CO₂
B6: Q-016 | C6: Bielka, P.; Kuczyński, S.; Nagy, S.: CO₂ Compression and Dehydration for Transport and Geological Storage. | D6: Grundlage der S2-Kette (S. 4, Kap. 2.3): Kühlung auf 20 °C nach jeder Stufe, höchstens 95 °C nach jeder Stufe, Wirkungsgrad 84 % in Stufe 1 und je weitere Stufe −2 % (Vergleich Durchverdichten: Stufe 2 mit 82 %), zum Schluss Kühlung auf 20 °C → flüssig. Nicht übernommen: 45 bar Zwischendruck (dort für die TEG-Trocknung gewählt; OGE schließt Glykol aus). Für Pumpen nennt Q-016 nur eine Glykolpumpe (70 %) – η_P = 0,80 ist eigene Annahme.
B7: Q-028 | C7: Buzogany, R.; Kruck, O. (2022): CO₂ – Storage in Salt Caverns: Thermodynamic Analysis and Challenges. SMRI Fall 2022. | D7: Oberflächentemperatur 10 °C, Gradient 0,03 K/m, Minimaldruck 70 bar, Darstellung Gassäule (Fig. 3), Begriff „multiphase region“
B8: Q-029 | C8: DBI für Uniper: CCUS-P2 – CO₂-Storage for CCU/S, Phase 2 – Detailing Study, Final Report V08. | D8: Offener Punkt: gewählte Option 1 ist die tiefe Kaverne (1400 m, 260 bar)
B9: Q-030 | C9: DBI für Uniper: CCUS-P1 – CO₂-Storage for CCU/S, Phase 1 – Initial Concept Study, Final Report. | D9: Teufe 1200 m (Option 2), Anhalt für p_max; Option 3 (700 m) als Anhalt für Kaverne V2
B10: Q-038 | C10: Baumgärtel, L.; Körner, F.; Leuger, B.; Zapf, D. (2023): Energiespeicherung in Salzkavernen. Poster, Tag der Energieforschung, LU Hannover. | D10: Zu prüfen: alte Annahmentabelle leitet daraus p_max ≈ 85 % des lithostatischen Drucks ab – in der Matrix nur Geometriedaten erfasst
B11: Q-040 | C11: DIN EN ISO 27913: Abscheidung, Transport und geologische Speicherung von CO₂ – Rohrleitungstransportsysteme (dt. Fassung 2025). | D11: Zu prüfen: alte Annahmentabelle nennt Q-040 für die gasförmige Anlieferung mit 30 bar – Norm in der Matrix noch nicht ausgewertet
B12: OGE | C12: Gesprächsnotiz Austausch OGE / Uniper, 16.09.2026 (Notizen S. Maxara). | D12: Übergabedruck S1 mind. 91 bar; Durchsatz-Bandbreite (mit M. Wall)
B13: — | C13: Span, R.; Wagner, W. (1996): A New Equation of State for Carbon Dioxide Covering the Fluid Region from the Triple-Point Temperature to 1100 K at Pressures up to 800 MPa. J. Phys. Chem. Ref. Data 25(6), 1509–1596. | D13: Zustandsgleichung CO₂ (über CoolProp); Sublimations- und Schmelzdruck
B14: — | C14: Bell, I. H.; Wronski, J.; Quoilin, S.; Lemort, V. (2014): Pure and Pseudo-pure Fluid Thermophysical Property Evaluation and the Open-Source Thermophysical Property Library CoolProp. Ind. Eng. Chem. Res. 53(6), 2498–2508. | D14: Stoffdatenbibliothek CoolProp, Version 8.0.0
B15: Vorarbeit | C15: Python-Skripte der eigenen Vorarbeit (ObertageAnlageRechner: gaspfad_vergleich.py, pfadentscheidung.py). | D15: Nur noch der Übergabedruck S2 (30 bar) stammt aus der Vorarbeit – Quelle zu prüfen. Die früheren Annahmen (Zwischendruck 49 bar, 40 °C, Verflüssigung 80 bar / 25 °C) sind durch Q-016 ersetzt.
... B19: Doku | C19: Dokumentation_Stoffmodelle_Validierung.docx (eigene Arbeit): Gleichungen, Modellvergleich mit thermopack (GERG-2008, Peng-Robinson, SRK), Unsicherheit der Phasengrenze. | D19: Unsicherheit der Phasengrenze ±3 bar; Validierung der Stoffwerte

Sheet Diagrammdaten
B1: Diagrammdaten – Hilfstabellen (nicht ändern)
B2: Grundlage für das Phasendiagramm. Farbflächen: gestapelte Druckbereiche je Temperatur (Gemisch: gasförmig bis Taulinie, zweiphasig bis Blasenlinie, darüber flüssig; oberhalb des kritischen Punkts des Gemischs überkritisch; fest als Näherung reines CO₂). Linien: Punkte mit T, p und Position im Diagramm.
B3: ← zur Übersicht
B4: T_min [°C] | C4: -80 | D4: Position im Diagramm = (T − T_min) / Schritt + 1 (die Farbflächen haben eine Kategorie je 0,5 K)
B5: Schritt [K] | C5: 0.5
B7: T [°C] | C7: Achsenbeschriftung | D7: gasförmig [bar] | E7: flüssig [bar] | F7: überkritisch [bar] | G7: fest [bar] | H7: zweiphasig [bar] | I7: Linie / Punkt | J7: T [°C] | K7: p [bar] | L7: Position
B8: -80 | C8: =IF(MOD(B8,20)=0,TEXT(B8,"0"),"") -> -80 | D8: 0.89241568 | E8: 0 | F8: 0 | G8: 249.10758 | H8: 0 | I8: Phasengrenze Gemisch (Tau-/Blasenlinie) | J8: -56.558 | K8: 5.4780051 | L8: =(J8-Diagramm_Tmin)/Diagramm_dT+1 -> 47.884
B9: -79.5 | C9: =IF(MOD(B9,20)=0,TEXT(B9,"0"),"") | D9: 0.93029797 | E9: 0 | F9: 0 | G9: 249.0697 | H9: 0 | J9: -53.501973 | K9: 6.2465284 | L9: =(J9-Diagramm_Tmin)/Diagramm_dT+1 -> 53.996053
B10: -79 | C10: =IF(MOD(B10,20)=0,TEXT(B10,"0"),"") | D10: 0.96958837 | E10: 0 | F10: 0 | G10: 249.03041 | H10: 0 | J10: -50.445947 | K10: 7.0940267 | L10: =(J10-Diagramm_Tmin)/Diagramm_dT+1 -> 60.108107
B11: -78.5 | C11: =IF(MOD(B11,20)=0,TEXT(B11,"0"),"") | D11: 1.0103319 | E11: 0 | F11: 0 | G11: 248.98967 | H11: 0 | J11: -47.38992 | K11: 8.0255579 | L11: =(J11-Diagramm_Tmin)/Diagramm_dT+1 -> 66.22016
B12: -78 | C12: =IF(MOD(B12,20)=0,TEXT(B12,"0"),"") | D12: 1.0525749 | E12: 0 | F12: 0 | G12: 248.94743 | H12: 0 | J12: -44.333893 | K12: 9.046305 | L12: =(J12-Diagramm_Tmin)/Diagramm_dT+1 -> 72.332214
B13: -77.5 | C13: =IF(MOD(B13,20)=0,TEXT(B13,"0"),"") | D13: 1.0963649 | E13: 0 | F13: 0 | G13: 248.90364 | H13: 0 | J13: -41.277866 | K13: 10.16158 | L13: =(J13-Diagramm_Tmin)/Diagramm_dT+1 -> 78.444267
B14: -77 | C14: =IF(MOD(B14,20)=0,TEXT(B14,"0"),"") | D14: 1.1417507 | E14: 0 | F14: 0 | G14: 248.85825 | H14: 0 | J14: -38.22184 | K14: 11.376832 | L14: =(J14-Diagramm_Tmin)/Diagramm_dT+1 -> 84.556321
B15: -76.5 | C15: =IF(MOD(B15,20)=0,TEXT(B15,"0"),"") | D15: 1.1887825 | E15: 0 | F15: 0 | G15: 248.81122 | H15: 0 | J15: -35.165813 | K15: 12.697656 | L15: =(J15-Diagramm_Tmin)/Diagramm_dT+1 -> 90.668374
B16: -76 | C16: =IF(MOD(B16,20)=0,TEXT(B16,"0"),"") | D16: 1.2375117 | E16: 0 | F16: 0 | G16: 248.76249 | H16: 0 | J16: -32.109786 | K16: 14.129805 | L16: =(J16-Diagramm_Tmin)/Diagramm_dT+1 -> 96.780427
B17: -75.5 | C17: =IF(MOD(B17,20)=0,TEXT(B17,"0"),"") | D17: 1.2879913 | E17: 0 | F17: 0 | G17: 248.71201 | H17: 0 | J17: -29.05376 | K17: 15.679235 | L17: =(J17-Diagramm_Tmin)/Diagramm_dT+1 -> 102.89248
B18: -75 | C18: =IF(MOD(B18,20)=0,TEXT(B18,"0"),"") | D18: 1.3402755 | E18: 0 | F18: 0 | G18: 248.65972 | H18: 0 | J18: -25.997733 | K18: 17.352407 | L18: =(J18-Diagramm_Tmin)/Diagramm_dT+1 -> 109.00453
B19: -74.5 | C19: =IF(MOD(B19,20)=0,TEXT(B19,"0"),"") | D19: 1.3944201 | E19: 0 | F19: 0 | G19: 248.60558 | H19: 0 | J19: -22.941706 | K19: 19.155354 | L19: =(J19-Diagramm_Tmin)/Diagramm_dT+1 -> 115.11659
B20: -74 | C20: =IF(MOD(B20,20)=0,TEXT(B20,"0"),"") | D20: 1.4504823 | E20: 0 | F20: 0 | G20: 248.54952 | H20: 0 | J20: -19.885679 | K20: 21.0947 | L20: =(J20-Diagramm_Tmin)/Diagramm_dT+1 -> 121.22864
... B77: -45.5 | C77: =IF(MOD(B77,20)=0,TEXT(B77,"0"),"") | D77: 8.6457793 | E77: 203.17265 | F77: 0 | G77: 0 | H77: 38.181574 | J77: -56.558 | K77: 51.249179 | L77: =(J77-Diagramm_Tmin)/Diagramm_dT+1 -> 47.884
B78: -45 | C78: =IF(MOD(B78,20)=0,TEXT(B78,"0"),"") | D78: 8.8157704 | E78: 203.27988 | F78: 0 | G78: 0 | H78: 37.904345
B79: -44.5 | C79: =IF(MOD(B79,20)=0,TEXT(B79,"0"),"") | D79: 8.9882611 | E79: 203.38011 | F79: 0 | G79: 0 | H79: 37.631624 | I79: Sublimationslinie | J79: -80 | K79: 0.8924 | L79: =(J79-Diagramm_Tmin)/Diagramm_dT+1 -> 1
B80: -44 | C80: =IF(MOD(B80,20)=0,TEXT(B80,"0"),"") | D80: 9.1632748 | E80: 203.47344 | F80: 0 | G80: 0 | H80: 37.36329 | J80: -79.0232 | K80: 0.9677 | L80: =(J80-Diagramm_Tmin)/Diagramm_dT+1 -> 2.9536
B81: -43.5 | C81: =IF(MOD(B81,20)=0,TEXT(B81,"0"),"") | D81: 9.3408352 | E81: 203.55994 | F81: 0 | G81: 0 | H81: 37.099224 | J81: -78.0465 | K81: 1.0486 | L81: =(J81-Diagramm_Tmin)/Diagramm_dT+1 -> 4.907
B82: -43 | C82: =IF(MOD(B82,20)=0,TEXT(B82,"0"),"") | D82: 9.5209659 | E82: 203.63972 | F82: 0 | G82: 0 | H82: 36.839312 | J82: -77.0697 | K82: 1.1353 | L82: =(J82-Diagramm_Tmin)/Diagramm_dT+1 -> 6.8606
B83: -42.5 | C83: =IF(MOD(B83,20)=0,TEXT(B83,"0"),"") | D83: 9.7036908 | E83: 203.71287 | F83: 0 | G83: 0 | H83: 36.583442 | J83: -76.093 | K83: 1.2283 | L83: =(J83-Diagramm_Tmin)/Diagramm_dT+1 -> 8.814
B84: -42 | C84: =IF(MOD(B84,20)=0,TEXT(B84,"0"),"") | D84: 9.8890338 | E84: 203.77946 | F84: 0 | G84: 0 | H84: 36.331507 | J84: -75.1162 | K84: 1.328 | L84: =(J84-Diagramm_Tmin)/Diagramm_dT+1 -> 10.7676
B85: -41.5 | C85: =IF(MOD(B85,20)=0,TEXT(B85,"0"),"") | D85: 10.077019 | E85: 203.83958 | F85: 0 | G85: 0 | H85: 36.083399 | J85: -74.1395 | K85: 1.4346 | L85: =(J85-Diagramm_Tmin)/Diagramm_dT+1 -> 12.721
B86: -41 | C86: =IF(MOD(B86,20)=0,TEXT(B86,"0"),"") | D86: 10.26767 | E86: 203.89331 | F86: 0 | G86: 0 | H86: 35.839018 | J86: -73.1627 | K86: 1.5488 | L86: =(J86-Diagramm_Tmin)/Diagramm_dT+1 -> 14.6746
B87: -40.5 | C87: =IF(MOD(B87,20)=0,TEXT(B87,"0"),"") | D87: 10.461011 | E87: 203.94073 | F87: 0 | G87: 0 | H87: 35.598263 | J87: -72.186 | K87: 1.6709 | L87: =(J87-Diagramm_Tmin)/Diagramm_dT+1 -> 16.628
B88: -40 | C88: =IF(MOD(B88,20)=0,TEXT(B88,"0"),"") -> -40 | D88: 10.657067 | E88: 203.9819 | F88: 0 | G88: 0 | H88: 35.361037 | J88: -71.2092 | K88: 1.8014 | L88: =(J88-Diagramm_Tmin)/Diagramm_dT+1 -> 18.5816
B89: -39.5 | C89: =IF(MOD(B89,20)=0,TEXT(B89,"0"),"") | D89: 10.855863 | E89: 204.01689 | F89: 0 | G89: 0 | H89: 35.127245 | J89: -70.2325 | K89: 1.9408 | L89: =(J89-Diagramm_Tmin)/Diagramm_dT+1 -> 20.535
B90: -39 | C90: =IF(MOD(B90,20)=0,TEXT(B90,"0"),"") | D90: 11.057421 | E90: 204.04578 | F90: 0 | G90: 0 | H90: 34.896797 | J90: -69.2557 | K90: 2.0897 | L90: =(J90-Diagramm_Tmin)/Diagramm_dT+1 -> 22.4886
B91: -38.5 | C91: =IF(MOD(B91,20)=0,TEXT(B91,"0"),"") | D91: 11.261768 | E91: 204.06863 | F91: 0 | G91: 0 | H91: 34.669601 | J91: -68.279 | K91: 2.2485 | L91: =(J91-Diagramm_Tmin)/Diagramm_dT+1 -> 24.442
... B103: -32.5 | C103: =IF(MOD(B103,20)=0,TEXT(B103,"0"),"") | D103: 13.940533 | E103: 203.89231 | F103: 0 | G103: 0 | H103: 32.167156 | J103: -56.558 | K103: 5.1796 | L103: =(J103-Diagramm_Tmin)/Diagramm_dT+1 -> 47.884
B104: -32 | C104: =IF(MOD(B104,20)=0,TEXT(B104,"0"),"") | D104: 14.183352 | E104: 203.84158 | F104: 0 | G104: 0 | H104: 31.975072
B105: -31.5 | C105: =IF(MOD(B105,20)=0,TEXT(B105,"0"),"") | D105: 14.429454 | E105: 203.7855 | F105: 0 | G105: 0 | H105: 31.785049 | I105: Schmelzlinie | J105: -56.558 | K105: 5.1796 | L105: =(J105-Diagramm_Tmin)/Diagramm_dT+1 -> 47.884
B106: -31 | C106: =IF(MOD(B106,20)=0,TEXT(B106,"0"),"") | D106: 14.678659 | E106: 203.72411 | F106: 0 | G106: 0 | H106: 31.597231 | J106: -56.1931 | K106: 22.274 | L106: =(J106-Diagramm_Tmin)/Diagramm_dT+1 -> 48.6138
B107: -30.5 | C107: =IF(MOD(B107,20)=0,TEXT(B107,"0"),"") | D107: 14.931063 | E107: 203.65745 | F107: 0 | G107: 0 | H107: 31.411485 | J107: -55.8282 | K107: 39.4288 | L107: =(J107-Diagramm_Tmin)/Diagramm_dT+1 -> 49.3436
B108: -30 | C108: =IF(MOD(B108,20)=0,TEXT(B108,"0"),"") | D108: 15.186693 | E108: 203.58556 | F108: 0 | G108: 0 | H108: 31.227751 | J108: -55.4633 | K108: 56.644 | L108: =(J108-Diagramm_Tmin)/Diagramm_dT+1 -> 50.0734
B109: -29.5 | C109: =IF(MOD(B109,20)=0,TEXT(B109,"0"),"") | D109: 15.445575 | E109: 203.50846 | F109: 0 | G109: 0 | H109: 31.045969 | J109: -55.0984 | K109: 73.9197 | L109: =(J109-Diagramm_Tmin)/Diagramm_dT+1 -> 50.8032
B110: -29 | C110: =IF(MOD(B110,20)=0,TEXT(B110,"0"),"") | D110: 15.707736 | E110: 203.42618 | F110: 0 | G110: 0 | H110: 30.86608 | J110: -54.7336 | K110: 91.2557 | L110: =(J110-Diagramm_Tmin)/Diagramm_dT+1 -> 51.5328
B111: -28.5 | C111: =IF(MOD(B111,20)=0,TEXT(B111,"0"),"") | D111: 15.973204 | E111: 203.33877 | F111: 0 | G111: 0 | H111: 30.688025 | J111: -54.3687 | K111: 108.6523 | L111: =(J111-Diagramm_Tmin)/Diagramm_dT+1 -> 52.2626
B112: -28 | C112: =IF(MOD(B112,20)=0,TEXT(B112,"0"),"") | D112: 16.242006 | E112: 203.24625 | F112: 0 | G112: 0 | H112: 30.511748 | J112: -54.0038 | K112: 126.1092 | L112: =(J112-Diagramm_Tmin)/Diagramm_dT+1 -> 52.9924
B113: -27.5 | C113: =IF(MOD(B113,20)=0,TEXT(B113,"0"),"") | D113: 16.514171 | E113: 203.14864 | F113: 0 | G113: 0 | H113: 30.337192 | J113: -53.6389 | K113: 143.6266 | L113: =(J113-Diagramm_Tmin)/Diagramm_dT+1 -> 53.7222
B114: -27 | C114: =IF(MOD(B114,20)=0,TEXT(B114,"0"),"") | D114: 16.789724 | E114: 203.04597 | F114: 0 | G114: 0 | H114: 30.164303 | J114: -53.274 | K114: 161.2044 | L114: =(J114-Diagramm_Tmin)/Diagramm_dT+1 -> 54.452
B115: -26.5 | C115: =IF(MOD(B115,20)=0,TEXT(B115,"0"),"") | D115: 17.068696 | E115: 202.93828 | F115: 0 | G115: 0 | H115: 29.993025 | J115: -52.9091 | K115: 178.8427 | L115: =(J115-Diagramm_Tmin)/Diagramm_dT+1 -> 55.1818
B116: -26 | C116: =IF(MOD(B116,20)=0,TEXT(B116,"0"),"") | D116: 17.351113 | E116: 202.82558 | F116: 0 | G116: 0 | H116: 29.823309 | J116: -52.5442 | K116: 196.5413 | L116: =(J116-Diagramm_Tmin)/Diagramm_dT+1 -> 55.9116
B117: -25.5 | C117: =IF(MOD(B117,20)=0,TEXT(B117,"0"),"") | D117: 17.637003 | E117: 202.7079 | F117: 0 | G117: 0 | H117: 29.655097 | J117: -52.1793 | K117: 214.3005 | L117: =(J117-Diagramm_Tmin)/Diagramm_dT+1 -> 56.6414
... B119: -24.5 | C119: =IF(MOD(B119,20)=0,TEXT(B119,"0"),"") | D119: 18.219321 | E119: 202.4577 | F119: 0 | G119: 0 | H119: 29.322983 | J119: -51.4496 | K119: 250 | L119: =(J119-Diagramm_Tmin)/Diagramm_dT+1 -> 58.1008
B120: -24 | C120: =IF(MOD(B120,20)=0,TEXT(B120,"0"),"") | D120: 18.515806 | E120: 202.32521 | F120: 0 | G120: 0 | H120: 29.15898
B121: -23.5 | C121: =IF(MOD(B121,20)=0,TEXT(B121,"0"),"") | D121: 18.815879 | E121: 202.18784 | F121: 0 | G121: 0 | H121: 28.996277 | I121: Tripelpunkt | J121: -56.558 | K121: 5.1796 | L121: =(J121-Diagramm_Tmin)/Diagramm_dT+1 -> 47.884
B122: -23 | C122: =IF(MOD(B122,20)=0,TEXT(B122,"0"),"") | D122: 19.119571 | E122: 202.0456 | F122: 0 | G122: 0 | H122: 28.834827
B123: -22.5 | C123: =IF(MOD(B123,20)=0,TEXT(B123,"0"),"") | D123: 19.426911 | E123: 201.89851 | F123: 0 | G123: 0 | H123: 28.67458 | I123: Kritischer Punkt Gemisch | J123: 27.954721 | K123: 81.455056 | L123: =(J123-Diagramm_Tmin)/Diagramm_dT+1 -> 216.90944
B124: -22 | C124: =IF(MOD(B124,20)=0,TEXT(B124,"0"),"") | D124: 19.737929 | E124: 201.74658 | F124: 0 | G124: 0 | H124: 28.515489
B125: -21.5 | C125: =IF(MOD(B125,20)=0,TEXT(B125,"0"),"") | D125: 20.052655 | E125: 201.58984 | F125: 0 | G125: 0 | H125: 28.357504 | I125: S1: Pumpe | J125: =Szen1_T1 -> 15 | K125: =Szen1_p1 -> 91 | L125: =(J125-Diagramm_Tmin)/Diagramm_dT+1 -> 191
B126: -21 | C126: =IF(MOD(B126,20)=0,TEXT(B126,"0"),"") | D126: 20.371119 | E126: 201.4283 | F126: 0 | G126: 0 | H126: 28.200578 | J126: =Szen1_T2 -> 18.395619 | K126: =Szen1_p2 -> 114.9313 | L126: =(J126-Diagramm_Tmin)/Diagramm_dT+1 -> 197.79124
B127: -20.5 | C127: =IF(MOD(B127,20)=0,TEXT(B127,"0"),"") | D127: 20.693351 | E127: 201.26199 | F127: 0 | G127: 0 | H127: 28.044663
B128: -20 | C128: =IF(MOD(B128,20)=0,TEXT(B128,"0"),"") -> -20 | D128: 21.019382 | E128: 201.09091 | F128: 0 | G128: 0 | H128: 27.889712 | I128: S2: verdichten → dicht kühlen → pumpen | J128: =T_S2 -> 15 | K128: =p_S2 -> 30 | L128: =(J128-Diagramm_Tmin)/Diagramm_dT+1 -> 191
B129: -19.5 | C129: =IF(MOD(B129,20)=0,TEXT(B129,"0"),"") | D129: 21.349244 | E129: 200.91508 | F129: 0 | G129: 0 | H129: 27.73568 | J129: =Szen2_T1a -> 111.64303 | K129: =p_verfl -> 90 | L129: =(J129-Diagramm_Tmin)/Diagramm_dT+1 -> 384.28606
B130: -19 | C130: =IF(MOD(B130,20)=0,TEXT(B130,"0"),"") | D130: 21.682967 | E130: 200.73451 | F130: 0 | G130: 0 | H130: 27.582519 | J130: =T_K -> 20 | K130: =p_verfl -> 90 | L130: =(J130-Diagramm_Tmin)/Diagramm_dT+1 -> 201
B131: -18.5 | C131: =IF(MOD(B131,20)=0,TEXT(B131,"0"),"") | D131: 22.020583 | E131: 200.54923 | F131: 0 | G131: 0 | H131: 27.430183 | J131: =Szen2_TPa -> 24.356423 | K131: =Kopf_voll -> 114.9313 | L131: =(J131-Diagramm_Tmin)/Diagramm_dT+1 -> 209.71285
B132: -18 | C132: =IF(MOD(B132,20)=0,TEXT(B132,"0"),"") | D132: 22.362125 | E132: 200.35925 | F132: 0 | G132: 0 | H132: 27.278626
B133: -17.5 | C133: =IF(MOD(B133,20)=0,TEXT(B133,"0"),"") | D133: 22.707623 | E133: 200.16457 | F133: 0 | G133: 0 | H133: 27.127802 | I133: S2-Variante: 2 Verdichterstufen | J133: =T_S2 -> 15 | K133: =p_S2 -> 30 | L133: =(J133-Diagramm_Tmin)/Diagramm_dT+1 -> 191
B134: -17 | C134: =IF(MOD(B134,20)=0,TEXT(B134,"0"),"") | D134: 23.057111 | E134: 199.96522 | F134: 0 | G134: 0 | H134: 26.977667 | J134: =Szen2v_T1a -> 60.87327 | K134: =Szen2v_pzw -> 51.961524 | L134: =(J134-Diagramm_Tmin)/Diagramm_dT+1 -> 282.74654
B135: -16.5 | C135: =IF(MOD(B135,20)=0,TEXT(B135,"0"),"") | D135: 23.410622 | E135: 199.76121 | F135: 0 | G135: 0 | H135: 26.828173 | J135: =T_K -> 20 | K135: =Szen2v_pzw -> 51.961524 | L135: =(J135-Diagramm_Tmin)/Diagramm_dT+1 -> 201
B136: -16 | C136: =IF(MOD(B136,20)=0,TEXT(B136,"0"),"") | D136: 23.768187 | E136: 199.55254 | F136: 0 | G136: 0 | H136: 26.679275 | J136: =Szen2v_T2a -> 65.202953 | K136: =p_verfl -> 90 | L136: =(J136-Diagramm_Tmin)/Diagramm_dT+1 -> 291.40591
B137: -15.5 | C137: =IF(MOD(B137,20)=0,TEXT(B137,"0"),"") | D137: 24.129842 | E137: 199.33923 | F137: 0 | G137: 0 | H137: 26.530928
B138: -15 | C138: =IF(MOD(B138,20)=0,TEXT(B138,"0"),"") | D138: 24.49562 | E138: 199.12129 | F138: 0 | G138: 0 | H138: 26.383086 | I138: Vergleich: Durchverdichten (2 Stufen) | J138: =T_S2 -> 15 | K138: =p_S2 -> 30 | L138: =(J138-Diagramm_Tmin)/Diagramm_dT+1 -> 191
B139: -14.5 | C139: =IF(MOD(B139,20)=0,TEXT(B139,"0"),"") | D139: 24.865535 | E139: 198.89874 | F139: 0 | G139: 0 | H139: 26.235724 | J139: =Dv_T1a -> 57.499984 | K139: =Dv_p1 -> 50 | L139: =(J139-Diagramm_Tmin)/Diagramm_dT+1 -> 275.99997
B140: -14 | C140: =IF(MOD(B140,20)=0,TEXT(B140,"0"),"") | D140: 25.239681 | E140: 198.67158 | F140: 0 | G140: 0 | H140: 26.088735 | J140: =T_K -> 20 | K140: =Dv_p1 -> 50 | L140: =(J140-Diagramm_Tmin)/Diagramm_dT+1 -> 201
B141: -13.5 | C141: =IF(MOD(B141,20)=0,TEXT(B141,"0"),"") | D141: 25.618034 | E141: 198.43983 | F141: 0 | G141: 0 | H141: 25.942135 | J141: =Dv_T2a -> 90.810086 | K141: =Kopf_voll -> 114.9313 | L141: =(J141-Diagramm_Tmin)/Diagramm_dT+1 -> 342.62017
B142: -13 | C142: =IF(MOD(B142,20)=0,TEXT(B142,"0"),"") | D142: 26.000649 | E142: 198.2035 | F142: 0 | G142: 0 | H142: 25.795856 | J142: =Szen2_TPa -> 24.356423 | K142: =Kopf_voll -> 114.9313 | L142: =(J142-Diagramm_Tmin)/Diagramm_dT+1 -> 209.71285
B143: -12.5 | C143: =IF(MOD(B143,20)=0,TEXT(B143,"0"),"") | D143: 26.387561 | E143: 197.96259 | F143: 0 | G143: 0 | H143: 25.649852
B144: -12 | C144: =IF(MOD(B144,20)=0,TEXT(B144,"0"),"") | D144: 26.778808 | E144: 197.71711 | F144: 0 | G144: 0 | H144: 25.504078 | I144: Beschriftung Phasengebiete E | J144: -71 | K144: 70 | L144: =(J144-Diagramm_Tmin)/Diagramm_dT+1 -> 19
B145: -11.5 | C145: =IF(MOD(B145,20)=0,TEXT(B145,"0"),"") | D145: 27.174426 | E145: 197.46709 | F145: 0 | G145: 0 | H145: 25.358486 | J145: -30 | K145: 105 | L145: =(J145-Diagramm_Tmin)/Diagramm_dT+1 -> 101
B146: -11 | C146: =IF(MOD(B146,20)=0,TEXT(B146,"0"),"") | D146: 27.574451 | E146: 197.21252 | F146: 0 | G146: 0 | H146: 25.21303 | J146: 72 | K146: 12 | L146: =(J146-Diagramm_Tmin)/Diagramm_dT+1 -> 305
B147: -10.5 | C147: =IF(MOD(B147,20)=0,TEXT(B147,"0"),"") | D147: 27.978923 | E147: 196.95342 | F147: 0 | G147: 0 | H147: 25.067662 | J147: 85 | K147: 120 | L147: =(J147-Diagramm_Tmin)/Diagramm_dT+1 -> 331
B148: -10 | C148: =IF(MOD(B148,20)=0,TEXT(B148,"0"),"") | D148: 28.387878 | E148: 196.68979 | F148: 0 | G148: 0 | H148: 24.922334 | J148: -22 | K148: 34 | L148: =(J148-Diagramm_Tmin)/Diagramm_dT+1 -> 117
B149: -9.5 | C149: =IF(MOD(B149,20)=0,TEXT(B149,"0"),"") | D149: 28.801357 | E149: 196.42165 | F149: 0 | G149: 0 | H149: 24.776998 | I149: Beschriftung Punkte E | J149: 1 | K149: 91 | L149: =(J149-Diagramm_Tmin)/Diagramm_dT+1 -> 163
B150: -9 | C150: =IF(MOD(B150,20)=0,TEXT(B150,"0"),"") | D150: 29.219666 | E150: 196.149 | F150: 0 | G150: 0 | H150: 24.631337 | J150: 15 | K150: 25 | L150: =(J150-Diagramm_Tmin)/Diagramm_dT+1 -> 191
B151: -8.5 | C151: =IF(MOD(B151,20)=0,TEXT(B151,"0"),"") | D151: 29.64409 | E151: 195.87185 | F151: 0 | G151: 0 | H151: 24.484058 | J151: 99.643032 | K151: 95 | L151: =(J151-Diagramm_Tmin)/Diagramm_dT+1 -> 360.28606
B152: -8 | C152: =IF(MOD(B152,20)=0,TEXT(B152,"0"),"") | D152: 30.069599 | E152: 195.59042 | F152: 0 | G152: 0 | H152: 24.339977 | J152: 45 | K152: 94 | L152: =(J152-Diagramm_Tmin)/Diagramm_dT+1 -> 251
B153: -7.5 | C153: =IF(MOD(B153,20)=0,TEXT(B153,"0"),"") | D153: 30.503381 | E153: 195.30411 | F153: 0 | G153: 0 | H153: 24.192509 | J153: 23 | K153: 120.9313 | L153: =(J153-Diagramm_Tmin)/Diagramm_dT+1 -> 207
B154: -7 | C154: =IF(MOD(B154,20)=0,TEXT(B154,"0"),"") | D154: 30.937989 | E154: 195.01353 | F154: 0 | G154: 0 | H154: 24.048481 | J154: 66.499984 | K154: 46 | L154: =(J154-Diagramm_Tmin)/Diagramm_dT+1 -> 293.99997
B155: -6.5 | C155: =IF(MOD(B155,20)=0,TEXT(B155,"0"),"") | D155: 31.379452 | E155: 194.71849 | F155: 0 | G155: 0 | H155: 23.902057 | J155: 36 | K155: 53 | L155: =(J155-Diagramm_Tmin)/Diagramm_dT+1 -> 233
B156: -6 | C156: =IF(MOD(B156,20)=0,TEXT(B156,"0"),"") | D156: 31.825727 | E156: 194.419 | F156: 0 | G156: 0 | H156: 23.755273 | J156: 99.810086 | K156: 110.9313 | L156: =(J156-Diagramm_Tmin)/Diagramm_dT+1 -> 360.62017
B157: -5.5 | C157: =IF(MOD(B157,20)=0,TEXT(B157,"0"),"") | D157: 32.276858 | E157: 194.11507 | F157: 0 | G157: 0 | H157: 23.608074
B158: -5 | C158: =IF(MOD(B158,20)=0,TEXT(B158,"0"),"") | D158: 32.732889 | E158: 193.8067 | F158: 0 | G158: 0 | H158: 23.460407 | I158: Gassäule Kaverne voll (210 bar unten) | J158: ='Kaverne & Gassäule'!$C$49 -> 10 | K158: ='Kaverne & Gassäule'!$D$49 -> 114.9313 | L158: =(J158-Diagramm_Tmin)/Diagramm_dT+1 -> 181
B159: -4.5 | C159: =IF(MOD(B159,20)=0,TEXT(B159,"0"),"") | D159: 33.193867 | E159: 193.49392 | F159: 0 | G159: 0 | H159: 23.312215 | J159: ='Kaverne & Gassäule'!$C$50 -> 11.5 | K159: ='Kaverne & Gassäule'!$D$50 -> 119.16101 | L159: =(J159-Diagramm_Tmin)/Diagramm_dT+1 -> 184
B160: -4 | C160: =IF(MOD(B160,20)=0,TEXT(B160,"0"),"") | D160: 33.659838 | E160: 193.17672 | F160: 0 | G160: 0 | H160: 23.163443 | J160: ='Kaverne & Gassäule'!$C$51 -> 13 | K160: ='Kaverne & Gassäule'!$D$51 -> 123.36557 | L160: =(J160-Diagramm_Tmin)/Diagramm_dT+1 -> 187
B161: -3.5 | C161: =IF(MOD(B161,20)=0,TEXT(B161,"0"),"") | D161: 34.130849 | E161: 192.85512 | F161: 0 | G161: 0 | H161: 23.014033 | J161: ='Kaverne & Gassäule'!$C$52 -> 14.5 | K161: ='Kaverne & Gassäule'!$D$52 -> 127.54518 | L161: =(J161-Diagramm_Tmin)/Diagramm_dT+1 -> 190
B162: -3 | C162: =IF(MOD(B162,20)=0,TEXT(B162,"0"),"") | D162: 34.606949 | E162: 192.52913 | F162: 0 | G162: 0 | H162: 22.863925 | J162: ='Kaverne & Gassäule'!$C$53 -> 16 | K162: ='Kaverne & Gassäule'!$D$53 -> 131.70005 | L162: =(J162-Diagramm_Tmin)/Diagramm_dT+1 -> 193
B163: -2.5 | C163: =IF(MOD(B163,20)=0,TEXT(B163,"0"),"") | D163: 35.088188 | E163: 192.19875 | F163: 0 | G163: 0 | H163: 22.713059 | J163: ='Kaverne & Gassäule'!$C$54 -> 17.5 | K163: ='Kaverne & Gassäule'!$D$54 -> 135.83037 | L163: =(J163-Diagramm_Tmin)/Diagramm_dT+1 -> 196
B164: -2 | C164: =IF(MOD(B164,20)=0,TEXT(B164,"0"),"") | D164: 35.574617 | E164: 191.86401 | F164: 0 | G164: 0 | H164: 22.561373 | J164: ='Kaverne & Gassäule'!$C$55 -> 19 | K164: ='Kaverne & Gassäule'!$D$55 -> 139.93639 | L164: =(J164-Diagramm_Tmin)/Diagramm_dT+1 -> 199
B165: -1.5 | C165: =IF(MOD(B165,20)=0,TEXT(B165,"0"),"") | D165: 36.066286 | E165: 191.52491 | F165: 0 | G165: 0 | H165: 22.408802 | J165: ='Kaverne & Gassäule'!$C$56 -> 20.5 | K165: ='Kaverne & Gassäule'!$D$56 -> 144.01834 | L165: =(J165-Diagramm_Tmin)/Diagramm_dT+1 -> 202
B166: -1 | C166: =IF(MOD(B166,20)=0,TEXT(B166,"0"),"") | D166: 36.56325 | E166: 191.18147 | F166: 0 | G166: 0 | H166: 22.255281 | J166: ='Kaverne & Gassäule'!$C$57 -> 22 | K166: ='Kaverne & Gassäule'!$D$57 -> 148.07646 | L166: =(J166-Diagramm_Tmin)/Diagramm_dT+1 -> 205
B167: -0.5 | C167: =IF(MOD(B167,20)=0,TEXT(B167,"0"),"") | D167: 37.065561 | E167: 190.8337 | F167: 0 | G167: 0 | H167: 22.100741 | J167: ='Kaverne & Gassäule'!$C$58 -> 23.5 | K167: ='Kaverne & Gassäule'!$D$58 -> 152.111 | L167: =(J167-Diagramm_Tmin)/Diagramm_dT+1 -> 208
B168: 0 | C168: =IF(MOD(B168,20)=0,TEXT(B168,"0"),"") -> 0 | D168: 37.573277 | E168: 190.48161 | F168: 0 | G168: 0 | H168: 21.945113 | J168: ='Kaverne & Gassäule'!$C$59 -> 25 | K168: ='Kaverne & Gassäule'!$D$59 -> 156.12224 | L168: =(J168-Diagramm_Tmin)/Diagramm_dT+1 -> 211
B169: 0.5 | C169: =IF(MOD(B169,20)=0,TEXT(B169,"0"),"") | D169: 38.086454 | E169: 190.12522 | F169: 0 | G169: 0 | H169: 21.788323 | J169: ='Kaverne & Gassäule'!$C$60 -> 26.5 | K169: ='Kaverne & Gassäule'!$D$60 -> 160.11045 | L169: =(J169-Diagramm_Tmin)/Diagramm_dT+1 -> 214
...
